{"stats":{"minecraft:mined":{"blue_skies:bag_of_spoils":2},"minecraft:dropped":{"minecraft:enchanted_book":1,"mcsa:dragonsbane_leggings":1,"minecraft:oak_log":2,"blue_skies:bag_of_spoils":1},"minecraft:custom":{"minecraft:time_since_rest":13144,"minecraft:open_chest":92,"enigmaticlegacy:play_time_with_seven_curses":0,"minecraft:waystone_activated":1,"minecraft:crouch_one_cm":436,"minecraft:play_time":17504,"minecraft:sprint_one_cm":17641,"minecraft:walk_one_cm":8532,"minecraft:damage_taken":294,"minecraft:deaths":1,"minecraft:sneak_time":153,"minecraft:drop":4,"minecraft:jump":102,"minecraft:open_bag_of_spoils":5,"minecraft:damage_dealt":0,"minecraft:leave_game":2,"minecraft:time_since_death":13110,"enigmaticlegacy:play_time_without_seven_curses":17471,"minecraft:total_world_time":17504,"minecraft:interact_with_crafting_table":2,"minecraft:fall_one_cm":2495,"minecraft:fly_one_cm":19426},"minecraft:crafted":{"cisco_mod:adventurer_chestplate":1},"minecraft:used":{"blue_skies:bag_of_spoils":2},"minecraft:picked_up":{"blue_skies:bag_of_spoils":2}},"DataVersion":3120}