{"stats":{"minecraft:picked_up":{"blue_skies:bag_of_spoils":2,"cisco_mod:darksteel_armor_chestplate":1,"minecraft:acacia_log":5,"cisco_mod:darksteel_armor_leggings":1,"minecraft:enchanted_book":1,"cisco_mod:darksteel_armor_boots":1,"cisco_mod:darksteel_armor_helmet":1,"dreadsteel:dreadsteel_scythe":1},"minecraft:mined":{"blue_skies:bag_of_spoils":2},"minecraft:used":{"blue_skies:bag_of_spoils":2},"minecraft:dropped":{"minecraft:enchanted_book":1,"mcsa:dragonsbane_leggings":1,"minecraft:oak_log":2,"minecraft:blaze_rod":2,"cisco_mod:darksteel_armor_leggings":1,"cisco_mod:champion_coin":2,"dreadsteel:dreadsteel_scythe":1,"cisco_mod:darksteel_armor_helmet":1,"skilltree:wisdom_scroll":1,"cisco_mod:darksteel_armor_boots":1,"blue_skies:bag_of_spoils":1,"minecraft:acacia_log":5,"minecraft:flint_and_steel":1,"minecraft:gold_ingot":5,"cisco_mod:darksteel_armor_chestplate":1},"minecraft:crafted":{"cisco_mod:adventurer_chestplate":1},"minecraft:killed_by":{"minecraft:creeper":1},"minecraft:custom":{"minecraft:time_since_rest":15698,"enigmaticlegacy:play_time_with_seven_curses":0,"minecraft:waystone_activated":1,"minecraft:sprint_one_cm":34968,"minecraft:damage_taken":585,"minecraft:walk_one_cm":25168,"minecraft:interact_with_anvil":2,"minecraft:drop":15,"minecraft:damage_dealt":0,"enigmaticlegacy:play_time_without_seven_curses":45450,"minecraft:interact_with_crafting_table":2,"minecraft:fly_one_cm":48281,"minecraft:open_chest":152,"minecraft:crouch_one_cm":1996,"minecraft:play_time":45507,"minecraft:deaths":2,"minecraft:sneak_time":334,"minecraft:jump":223,"minecraft:open_bag_of_spoils":6,"minecraft:leave_game":4,"minecraft:time_since_death":15674,"minecraft:total_world_time":45507,"minecraft:fall_one_cm":5049}},"DataVersion":3120}