{"stats":{"minecraft:mined":{"blue_skies:bag_of_spoils":1},"minecraft:dropped":{"minecraft:enchanted_book":1},"minecraft:custom":{"minecraft:time_since_rest":11524,"minecraft:open_chest":88,"enigmaticlegacy:play_time_with_seven_curses":0,"minecraft:waystone_activated":1,"minecraft:crouch_one_cm":384,"minecraft:play_time":15884,"minecraft:sprint_one_cm":16050,"minecraft:walk_one_cm":7539,"minecraft:damage_taken":294,"minecraft:deaths":1,"minecraft:sneak_time":139,"minecraft:drop":1,"minecraft:jump":99,"minecraft:open_bag_of_spoils":5,"minecraft:damage_dealt":0,"minecraft:leave_game":1,"minecraft:time_since_death":11490,"enigmaticlegacy:play_time_without_seven_curses":15851,"minecraft:total_world_time":15884,"minecraft:interact_with_crafting_table":2,"minecraft:fall_one_cm":2495,"minecraft:fly_one_cm":19335},"minecraft:crafted":{"cisco_mod:adventurer_chestplate":1},"minecraft:used":{"blue_skies:bag_of_spoils":2},"minecraft:picked_up":{"blue_skies:bag_of_spoils":1}},"DataVersion":3120}