{"stats":{"minecraft:dropped":{"minecraft:enchanted_book":1},"minecraft:custom":{"minecraft:jump":34,"minecraft:open_chest":16,"minecraft:time_since_rest":3790,"enigmaticlegacy:play_time_with_seven_curses":0,"minecraft:leave_game":1,"minecraft:sprint_one_cm":4891,"minecraft:play_time":3790,"minecraft:damage_taken":120,"minecraft:time_since_death":3790,"minecraft:walk_one_cm":1575,"enigmaticlegacy:play_time_without_seven_curses":3790,"minecraft:total_world_time":3790,"minecraft:drop":1,"minecraft:fall_one_cm":404,"minecraft:fly_one_cm":5328}},"DataVersion":3120}