{"stats":{"minecraft:killed":{"enemyexpansion:equestrian":2,"minecraft:skeleton":14,"minecraft:chicken":2,"ecologics:coconut_crab":1,"enemyexpansion:vampflyer":2,"minecraft:pillager":7,"enemyexpansion:meature":3,"minecraft:zombie":28,"alexsmobs:maned_wolf":1,"enemyexpansion:botfly":5,"whisperwoods:moth":1,"minecraft:vindicator":4,"enemyexpansion:goblin_fear":1,"goblintraders:goblin_trader":1,"enemyexpansion:scorpion":2,"iter_rpg:water_elemental":1,"minecraft:husk":2,"enemyexpansion:sprinter":1,"majruszsdifficulty:cursed_armor":11,"iter_rpg:blob":1,"whisperwoods:zotzpyre":2,"minecraft:spider":7,"minecraft:bee":2,"minecraft:pig":10,"alexsmobs:grizzly_bear":1,"iter_rpg:spiderling":4,"irons_spellbooks:necromancer":1,"minecraft:creeper":6,"minecraft:sheep":6,"undead_unleashed:shadewraith":1,"undead_unleashed:haunter":4,"savage_and_ravage:skeleton_villager":1,"enemyexpansion:direwolf":2,"minecraft:drowned":1,"aquamirae:maw":1,"takesapillage:skirmisher":1,"enemyexpansion:troll":1,"enemyexpansion:crawler":1,"iter_rpg:scallop":1,"ars_nouveau:wilden_hunter":1,"enemyexpansion:slugger":1},"minecraft:crafted":{"globalxp:xp_block":1,"minecraft:oak_pressure_plate":2,"minecraft:birch_slab":6,"minecraft:cracked_stone_bricks":4,"minecraft:glass":6,"minecraft:copper_ingot":8,"cisco_mod:adventurer_chestplate":2,"minecraft:stone_slab":6,"comforts:sleeping_bag_white":2,"minecraft:diamond":36,"ars_nouveau:novice_spell_book":1,"minecraft:stone_pickaxe":2,"woodworks:birch_chest":8,"minecraft:enchanting_table":1,"sophisticatedbackpacks:gold_backpack":1,"minecraft:oak_stairs":16,"minecraft:oak_planks":180,"minecraft:stone":8,"minecraft:bow":1,"minecraft:stone_bricks":4,"minecraft:oak_slab":6,"minecraft:crafting_table":4,"minecraft:wooden_pickaxe":1,"minecraft:birch_planks":68,"minecraft:diamond_pickaxe":1,"minecraft:stick":108,"woodworks:acacia_chest":2,"minecraft:furnace":3,"minecraft:glass_pane":16,"woodworks:oak_boards":15,"minecraft:stone_axe":2,"minecraft:air":0,"woodworks:oak_chest":2,"minecraft:oak_boat":2,"minecraft:acacia_planks":16,"minecraft:torch":4},"minecraft:used":{"irons_spellbooks:inscription_table":1,"minecraft:moss_block":1,"minecraft:ladder":3,"minecraft:poppy":12,"minecraft:rotten_flesh":2,"vinery:savanna_grapes_white":2,"atmospheric:golden_dragon_fruit":1,"minecraft:lava_bucket":2,"simplyswords:iron_longsword":163,"easy_villagers:iron_farm":1,"minecraft:bow":24,"minecraft:oak_sapling":5,"minecraft:furnace":4,"woodworks:oak_boards":15,"minecraft:leather_leggings":1,"simplyswords:brimstone_claymore":190,"minecraft:wooden_pickaxe":6,"minecraft:leather_chestplate":1,"minecraft:composter":1,"minecraft:blast_furnace":2,"minecraft:oak_pressure_plate":2,"minecraft:soul_lantern":1,"minecraft:wooden_sword":7,"globalxp:xp_block":1,"minecraft:smithing_table":1,"atmospheric:yucca_gateau":7,"minecraft:oak_boat":3,"minecraft:iron_bars":1,"minecraft:enchanting_table":1,"minecraft:stone_sword":149,"minecraft:armor_stand":2,"minecraft:stick":1,"minecraft:torch":122,"minecraft:anvil":1,"simplyswords:diamond_longsword":247,"minecraft:iron_axe":55,"minecraft:basalt":1,"minecraft:acacia_planks":1,"minecraft:water_bucket":15,"farmersdelight:golden_knife":3,"easy_villagers:farmer":1,"minecraft:fletching_table":1,"minecraft:cracked_stone_bricks":16,"minecraft:mossy_cobblestone":7,"delightful:salmonberries":2,"minecraft:oak_slab":6,"minecraft:crafting_table":5,"minecraft:red_bed":2,"minecraft:diamond_pickaxe":7,"minecraft:iron_pickaxe":405,"minecraft:chiseled_stone_bricks":1,"minecraft:enchanted_book":1,"woodworks:acacia_chest":4,"minecraft:cobblestone":56,"minecraft:potion":1,"minecraft:cooked_porkchop":2,"structurize:sceptergold":5,"minecraft:moss_carpet":8,"easy_villagers:breeder":1,"minecraft:shield":48,"minecraft:iron_sword":197,"minecraft:debug_stick":7,"minecraft:carrot":8,"structurize:sceptersteel":5,"minecraft:stone_bricks":3,"minecraft:item_frame":1,"minecraft:red_carpet":6,"woodworks:birch_chest":17,"simplyswords:iron_spear":6,"dummmmmmy:target_dummy":2,"relics:researching_table":2,"minecraft:stone_pickaxe":100,"minecraft:oak_planks":61,"minecraft:diamond_axe":9,"minecraft:yellow_terracotta":1,"farmersdelight:ratatouille":16,"minecraft:lever":1,"sophisticatedbackpacks:backpack":1,"easy_villagers:villager":1,"minecraft:bread":19,"vinery:savanna_grape_seeds_white":1,"ecologics:coconut_slice":6,"minecraft:grindstone":1,"minecraft:trident":5,"minecraft:stone_shovel":13,"woodworks:oak_chest":8,"minecraft:oak_door":2,"minecraft:dirt":61,"minecraft:cobblestone_wall":1,"minecraft:stone_brick_slab":1,"minecraft:bookshelf":10,"minecraft:oak_stairs":50,"easy_villagers:incubator":1,"minecraft:cooked_beef":4,"forbidden_arcanus:zombie_arm":3,"minecraft:cobblestone_stairs":1,"minecraft:stonecutter":4,"minecraft:cobblestone_slab":2,"minecraft:painting":2,"minecraft:smoker":1,"minecolonies:supplychestdeployer":1,"farmersdelight:bacon_and_eggs":16,"minecraft:acacia_stairs":1,"minecraft:apple":3,"waystones:mossy_waystone":2,"minecraft:stone_slab":6,"minecraft:stone_axe":171,"minecraft:bucket":21,"alexsmobs:animal_dictionary":8,"minecraft:gray_wool":1},"minecraft:dropped":{"byg:biomepedia":1,"naturescompass:naturescompass":2,"minecraft:iron_sword":1,"ars_nouveau:novice_spell_book":1,"minecraft:porkchop":5,"minecraft:glass_bottle":2,"minecraft:diamond":60,"minecraft:crafting_table":1,"constructionwand:stone_wand":3,"minecraft:cracked_stone_bricks":100,"minecraft:saddle":3,"undead_unleashed:grave_metal_scrap":14,"minecraft:leather_helmet":2,"minecraft:emerald":6,"minecraft:dirt":6,"constructionwand:iron_wand":2,"easy_villagers:auto_trader":1,"irons_spellbooks:arcane_essence":54,"minecraft:wooden_sword":3,"minecraft:gold_nugget":11,"minecraft:phantom_membrane":14,"minecraft:iron_pickaxe":1,"majruszsdifficulty:tattered_leggings":3,"quark:black_shard":4,"minecraft:stone_axe":2,"minecraft:emerald_block":5,"minecraft:sugar_cane":7,"minecraft:diamond_block":4,"minecraft:iron_nugget":12,"minecraft:cooked_chicken":2,"ars_nouveau:whirlisprig_shards":1,"alexsmobs:animal_dictionary":1,"minecraft:wheat":35,"minecraft:obsidian":1,"endrem:rogue_eye":1,"minecraft:rotten_flesh":6,"immersive_armors:bone_boots":1,"irons_spellbooks:inscription_table":1,"supplementaries:flax_seeds":2,"atmospheric:golden_dragon_fruit":1,"forbidden_arcanus:zombie_arm":1,"easy_villagers:converter":1,"minecraft:charcoal":8,"minecraft:leather_boots":3,"apotheosis:gem":11,"minecraft:leather_leggings":2,"minecraft:spruce_slab":2,"globalxp:xp_block":1,"minecraft:glass":1,"minecraft:stone_brick_stairs":6,"oriacs:umbrella":1,"alexsmobs:fedora":2,"minecraft:egg":1,"farmersdelight:tomato_seeds":5,"minecolonies:supplychestdeployer":1,"minecraft:enchanted_book":7,"minecraft:iron_ingot":64,"minecraft:wheat_seeds":8,"minecraft:iron_helmet":3,"minecraft:feather":4,"minecraft:cobblestone":6,"minecraft:prismarine_crystals":1,"minecraft:apple":19,"cisco_mod:adventurer_chestplate":1,"minecraft:coal":55,"minecraft:golden_apple":12,"minecraft:lava_bucket":1,"minecraft:cobweb":3,"minecraft:golden_carrot":11,"minecraft:ink_sac":5,"minecraft:rose_bush":1,"delightful:acorn":21,"relics:researching_table":1,"minecraft:chainmail_leggings":1,"minecraft:paper":43,"minecraft:string":31,"minecraft:lily_pad":4,"ars_nouveau:source_berry":2,"minecraft:netherite_ingot":1,"minecraft:stone_sword":3,"minecraft:bowl":14,"majruszsaccessories:miner_guide":1,"sophisticatedbackpacks:backpack":1,"minecraft:name_tag":5,"undead_unleashed:grave_metal_sword":1,"minecraft:debug_stick":1,"vinery:white_grape":5,"minecraft:potato":4,"ars_nouveau:music_disc_thistle_the_sound_of_glass":1,"minecraft:diamond_pickaxe":1,"minecraft:carved_pumpkin":1,"minecraft:spider_eye":1,"vinery:red_grape":2,"ars_nouveau:amplify_arrow":54,"easy_villagers:trader":1,"apotheosis:gem_dust":1,"minecraft:moss_block":4,"minecraft:birch_planks":12,"minecraft:diamond_axe":1,"minecraft:oak_log":34,"minecolonies:supplycampdeployer":2,"woodworks:oak_boards":1,"vinery:fermentation_barrel":2,"minecraft:netherite_scrap":1,"immersive_armors:wooden_leggings":1,"majruszsdifficulty:tattered_boots":1,"farmersdelight:onion":3,"minecraft:birch_log":24,"twigs:twig":48,"minecraft:gold_ingot":9,"majruszsdifficulty:tattered_chestplate":1,"ars_nouveau:wilden_spike":2,"aether:leather_gloves":1,"patchouli:guide_book":1,"minecraft:chainmail_chestplate":3,"minecraft:poppy":55,"minecraft:turtle_helmet":2,"minecraft:trident":2,"minecraft:gunpowder":10,"minecraft:beetroot_seeds":4,"minecraft:glowstone":1,"minecraft:stone_brick_wall":1,"minecraft:chainmail_boots":2,"comforts:sleeping_bag_white":1,"minecraft:iron_bars":7,"minecraft:arrow":2,"structurize:sceptergold":1,"minecraft:enchanting_table":1,"minecraft:bread":4,"minecraft:prismarine_shard":2,"enemyexpansion:scorpion_tail":1,"ecologics:crab_claw":1,"minecraft:stick":58,"irons_spellbooks:scroll":1,"minecraft:iron_block":1,"farmersdelight:golden_knife":2,"cisco_mod:amuletof_vitality":1,"minecraft:torch":15,"minecraft:melon_slice":9,"minecraft:brown_wool":3,"minecraft:map":1,"minecraft:music_disc_cat":1,"vinery:jungle_grapes_red":2,"minecraft:redstone":22,"minecraft:anvil":1,"simplyswords:diamond_longsword":2,"minecraft:iron_hoe":2,"minecraft:glass_pane":12,"minecraft:shield":2,"aether:iron_gloves":1,"aether:chainmail_gloves":1,"minecraft:iron_chestplate":1,"minecraft:oak_sapling":62,"farmersdelight:minced_beef":5,"explorerscompass:explorerscompass":1,"minecraft:slime_ball":7,"minecraft:stone_pickaxe":4,"minecraft:wooden_pickaxe":1},"minecraft:killed_by":{"minecraft:vindicator":1,"minecraft:zombie":1,"minecraft:player":1,"bosses_of_mass_destruction:void_blossom":11,"minecraft:skeleton":1},"minecraft:picked_up":{"minecolonies:supplycampdeployer":2,"minecraft:iron_chestplate":1,"vinery:red_grape":7,"easy_villagers:breeder":1,"minecraft:chainmail_boots":4,"minecraft:anvil":4,"minecraft:prismarine_shard":4,"minecraft:smithing_table":1,"vinery:red_grape_seeds":27,"minecraft:oak_stairs":11,"minecraft:enchanted_book":33,"forbidden_arcanus:xpetrified_orb":3,"minecraft:music_disc_cat":2,"minecraft:string":133,"apotheosis:epic_material":1,"woodworks:oak_chest":4,"alexsmobs:emu_feather":5,"minecraft:cobbled_deepslate":11,"minecraft:gold_nugget":73,"atmospheric:passion_vine":1,"undead_unleashed:grave_metal_sword":1,"minecraft:enchanted_golden_apple":3,"minecraft:melon_slice":31,"ecologics:crab_claw":3,"minecraft:composter":1,"forbidden_arcanus:aureal_bottle":2,"alexsmobs:tendon_whip":1,"minecraft:cauldron":1,"minecraft:stone_sword":6,"aether:chainmail_gloves":2,"farmersdelight:onion":6,"forbidden_arcanus:splash_aureal_bottle":2,"ars_nouveau:worn_notebook":2,"minecraft:iron_block":1,"minecraft:carved_pumpkin":1,"minecraft:glowstone":2,"farmersdelight:rope":42,"supplementaries:ash":13,"endrem:rogue_eye":3,"minecraft:iron_bars":11,"minecraft:birch_log":64,"minecraft:magma_block":2,"woodworks:birch_chest":9,"minecraft:cooked_beef":42,"minecraft:feather":12,"farmersdelight:rice":4,"ars_nouveau:source_berry":5,"minecraft:brown_wool":3,"dummmmmmy:target_dummy":1,"minecraft:smoker":1,"minecraft:flint":1,"minecraft:map":3,"minecraft:lantern":5,"lootr:trophy":1,"aquamirae:fin":1,"minecraft:stonecutter":5,"iter_rpg:water_fragment":2,"cisco_mod:amuletof_vitality":1,"apotheosis:mythic_material":1,"galosphere:raw_silver":14,"minecraft:moss_block":11,"patchouli:guide_book":7,"relics:hunter_belt":1,"ecologics:coconut_husk":6,"minecraft:ink_sac":18,"minecraft:fermented_spider_eye":2,"minecraft:acacia_stairs":1,"ars_nouveau:wilden_horn":13,"alexsmobs:animal_dictionary":2,"minecraft:iron_hoe":4,"immersive_armors:bone_boots":2,"constructionwand:stone_wand":2,"minecraft:lever":1,"minecraft:granite":1,"minecraft:golden_horse_armor":1,"minecraft:bread":16,"minecraft:diamond_pickaxe":1,"minecraft:crafting_table":2,"minecraft:leather_leggings":6,"minecraft:red_bed":2,"minecraft:netherite_scrap":3,"minecraft:iron_shovel":2,"minecraft:glass_pane":24,"supplementaries:bomb":2,"minecraft:cracked_stone_bricks":52,"immersive_armors:slime_boots":1,"iter_rpg:coin":2,"immersive_armors:wooden_leggings":2,"minecraft:iron_nugget":24,"minecraft:poppy":86,"minecraft:spruce_slab":9,"minecraft:birch_sapling":13,"globalxp:xp_block":1,"minecraft:egg":3,"minecraft:oak_door":1,"farmersdelight:minced_beef":5,"sophisticatedbackpacks:backpack":1,"farmersdelight:tomato_seeds":43,"woodworks:oak_boards":3,"structurize:sceptergold":2,"majruszsaccessories:adventurer_kit":1,"simplyswords:diamond_longsword":2,"minecraft:carrot":21,"origins:orb_of_origin":1,"minecraft:redstone":44,"minecraft:prismarine_crystals":1,"immersive_armors:wooden_helmet":1,"minecraft:stone_shovel":1,"minecraft:beetroot_seeds":24,"minecraft:hay_block":101,"minecraft:yellow_terracotta":1,"minecraft:gold_ingot":43,"minecraft:mutton":15,"cisco_mod:champion_coin":7,"minecraft:white_wool":9,"minecraft:stripped_oak_log":1,"minecraft:jungle_fence":1,"majruszsdifficulty:tattered_helmet":1,"easy_villagers:farmer":1,"minecraft:oak_log":142,"minecraft:lily_pad":4,"minecraft:golden_boots":1,"enemyexpansion:scorpion_tail":6,"minecraft:paper":156,"majruszsdifficulty:tattered_leggings":4,"minecraft:apple":70,"minecraft:stone_bricks":3,"minecraft:stone_pickaxe":4,"minecraft:cobweb":10,"ringsofascension:ring_experience":1,"minecraft:glass_bottle":2,"apotheosis:gem_dust":2,"minecraft:iron_sword":3,"vinery:jungle_grapes_white":2,"twilightforest:triple_bow":1,"minecraft:gravel":8,"vinery:fermentation_barrel":3,"minecraft:spruce_sapling":6,"delightful:salmonberries":6,"minecraft:leather_helmet":3,"minecraft:slime_ball":14,"minecraft:stone_axe":2,"oriacs:diving_helmet":1,"minecraft:diamond_axe":1,"minecraft:painting":2,"naturescompass:naturescompass":3,"minecraft:oak_button":1,"minecraft:baked_potato":6,"minecraft:melon_seeds":30,"immersive_armors:wooden_boots":2,"irons_spellbooks:scroll":7,"minecraft:wheat":119,"aether:iron_gloves":1,"minecraft:potion":4,"bakery:strawberry_seeds":1,"minecraft:stone_brick_stairs":6,"minecraft:raw_copper":64,"oriacs:umbrella":1,"minecraft:armor_stand":3,"minecraft:iron_leggings":1,"minecraft:netherite_ingot":1,"minecraft:experience_bottle":1,"irons_spellbooks:arcane_essence":142,"minecraft:bucket":1,"delightful:acorn":45,"twigs:pebble":1,"minecraft:rose_bush":1,"minecraft:cobblestone_slab":2,"minecraft:wooden_shovel":1,"quark:black_shard":4,"minecraft:iron_pickaxe":2,"irons_spellbooks:inscription_table":2,"farmersdelight:cabbage_seeds":25,"minecraft:furnace":2,"minecraft:tipped_arrow":25,"minecraft:stick":66,"minecolonies:supplychestdeployer":1,"apotheosis:gem":62,"forbidden_arcanus:tentacle":1,"minecraft:torch":94,"alexsmobs:fedora":4,"minecraft:porkchop":33,"majruszsaccessories:dream_catcher":1,"minecraft:rotten_flesh":64,"ars_nouveau:whirlisprig_shards":2,"minecraft:obsidian":5,"ars_nouveau:drygmy_shard":1,"irons_spellbooks:copper_spell_book":1,"minecraft:cobblestone":236,"forbidden_arcanus:stellarite_piece":1,"minecraft:enchanting_table":1,"minecraft:leather_chestplate":4,"minecraft:andesite":4,"minecraft:potato":8,"supplementaries:flax_seeds":4,"minecraft:wither_skeleton_skull":3,"minecraft:lapis_lazuli":35,"minecraft:dirt":102,"constructionwand:iron_wand":1,"minecraft:name_tag":12,"minecraft:leather_boots":3,"minecraft:glass":40,"minecraft:bone":188,"farmersdelight:iron_knife":1,"minecraft:acacia_planks":1,"majruszsaccessories:miner_guide":3,"minecraft:bow":2,"minecraft:wheat_seeds":126,"ars_nouveau:source_gem":15,"easy_villagers:trader":1,"minecraft:raw_gold":2,"minecraft:grindstone":2,"minecraft:fletching_table":1,"twigs:twig":104,"minecraft:oak_planks":27,"minecraft:stone_hoe":1,"minecraft:cooked_porkchop":2,"minecraft:music_disc_13":1,"vinery:white_grape":13,"minecraft:sand":15,"minecraft:melon":4,"iter_rpg:stone_geode":1,"minecraft:diamond_block":8,"minecraft:mossy_cobblestone":9,"vinery:jungle_grapes_red":7,"minecraft:diamond":57,"atmospheric:yucca_gateau":7,"minecraft:soul_lantern":1,"iter_rpg:abyssquartz_shard":2,"minecraft:crossbow":2,"minecraft:bone_meal":39,"relics:researching_table":2,"minecraft:emerald":104,"minecraft:oak_sapling":145,"irons_spellbooks:uncommon_ink":2,"minecraft:cocoa_beans":6,"majruszsdifficulty:tattered_boots":1,"minecraft:charcoal":4,"byg:soapstone":3,"minecraft:chicken":6,"minecraft:ladder":3,"minecolonies:scroll_buff":16,"minecraft:turtle_helmet":5,"minecraft:brown_mushroom":2,"minecraft:cooked_rabbit":1,"ars_nouveau:warp_scroll":1,"minecraft:stone_brick_wall":1,"minecraft:gold_block":1,"minecraft:shield":8,"minecraft:brick":4,"ars_nouveau:amplify_arrow":81,"minecraft:moss_carpet":15,"minecraft:iron_axe":2,"minecraft:wooden_sword":5,"minecraft:item_frame":3,"easy_villagers:auto_trader":1,"simplyswords:iron_longsword":1,"minecraft:oak_boat":1,"minecraft:sugar_cane":35,"farmersdelight:golden_knife":4,"minecraft:phantom_membrane":28,"minecraft:raw_iron":3,"easy_villagers:incubator":1,"minecraft:copper_ingot":1,"ecologics:coconut_slice":20,"minecraft:bowl":4,"minecraft:trident":2,"byg:biomepedia":2,"minecraft:arrow":87,"minecraft:pumpkin_pie":34,"vinery:white_grape_seeds":2,"minecraft:saddle":8,"minecraft:glistering_melon_slice":3,"minecraft:basalt":1,"minecraft:glow_ink_sac":3,"minecraft:leather":14,"forbidden_arcanus:zombie_arm":1,"twilightforest:ironwood_chestplate":2,"minecraft:birch_planks":12,"minecraft:chainmail_chestplate":8,"woodworks:acacia_chest":2,"minecraft:gunpowder":63,"minecraft:cobblestone_wall":10,"minecraft:cobblestone_stairs":1,"byg:firecracker_flower_bush":1,"vinery:savanna_grapes_white":12,"easy_villagers:converter":1,"irons_spellbooks:common_ink":4,"minecraft:red_carpet":6,"iter_rpg:potsherd":5,"minecraft:iron_ingot":163,"minecraft:cooked_chicken":4,"minecraft:acacia_sapling":12,"minecraft:book":9,"bakery:strawberry":2,"minecraft:emerald_block":10,"atmospheric:golden_dragon_fruit":1,"minecraft:chiseled_stone_bricks":1,"minecraft:stone_brick_slab":1,"waystones:mossy_waystone":1,"ars_nouveau:novice_spell_book":1,"minecraft:lava_bucket":1,"minecraft:amethyst_shard":12,"undead_unleashed:grave_metal_scrap":55,"minecraft:blast_furnace":2,"ars_nouveau:music_disc_thistle_the_sound_of_glass":2,"minecraft:spider_eye":2,"ars_nouveau:wilden_spike":7,"minecraft:chainmail_leggings":2,"immersive_armors:wooden_chestplate":3,"minecraft:iron_helmet":7,"oriacs:landwalking_helmet":1,"minecraft:acacia_slab":2,"majruszsdifficulty:tattered_chestplate":2,"minecraft:coal":140},"minecraft:broken":{"aether:iron_gloves":2,"minecraft:iron_pickaxe":1,"minecraft:stone_shovel":1},"minecraft:custom":{"minecraft:interact_with_crafting_table":68,"minecraft:open_barrel":15,"minecraft:eat_cake_slice":28,"minecraft:leave_game":5,"minecraft:time_since_death":316,"minecraft:damage_blocked_by_shield":1363,"minecraft:play_time":491981,"minecraft:deaths":16,"minecraft:jump":6681,"minecraft:interact_with_furnace":45,"minecraft:sleep_in_bed":18,"minecraft:waystone_activated":5,"minecraft:damage_dealt":56160,"minecraft:interact_with_smoker":7,"minecraft:interact_with_smithing_table":1,"minecraft:inspect_dispenser":8,"minecraft:sneak_time":14412,"minecraft:interact_with_blast_furnace":6,"minecraft:total_world_time":491981,"enigmaticlegacy:play_time_without_seven_curses":491503,"minecraft:interact_with_stonecutter":1,"minecraft:time_since_rest":340,"minecraft:swim_one_cm":107224,"minecraft:fly_one_cm":1349330,"minecraft:open_chest":543,"minecraft:fall_one_cm":186592,"enigmaticlegacy:play_time_with_seven_curses":0,"lootr:looted_stat":132,"minecraft:damage_resisted":0,"minecraft:sprint_one_cm":1127754,"minecraft:drop":278,"minecraft:talked_to_villager":5,"minecraft:walk_on_water_one_cm":43219,"minecraft:interact_with_loom":1,"minecraft:player_kills":1,"minecraft:crouch_one_cm":35106,"minecraft:mob_kills":151,"minecraft:damage_dealt_resisted":598,"minecraft:climb_one_cm":43158,"minecraft:walk_one_cm":852290,"minecraft:walk_under_water_one_cm":20023,"minecraft:boat_one_cm":1441,"minecraft:pot_flower":1,"minecraft:damage_taken":17088,"minecraft:damage_absorbed":162,"minecraft:trigger_trapped_chest":3},"minecraft:mined":{"minecraft:jungle_leaves":8,"minecraft:obsidian":4,"ecologics:moss_layer":1,"minecraft:chiseled_stone_bricks":1,"woodworks:birch_chest":9,"minecraft:magma_block":2,"minecraft:fire":5,"minecraft:moss_carpet":13,"easy_villagers:breeder":1,"minecraft:fletching_table":1,"minecraft:oak_stairs":11,"minecraft:tripwire":3,"vinery:jungle_grape_bush_red":1,"minecraft:red_bed":2,"minecraft:smoker":1,"ars_nouveau:light_block":1,"atmospheric:flowering_morado_leaves":1,"minecraft:blast_furnace":2,"vinery:red_grape_bush":9,"galosphere:silver_ore":12,"easy_villagers:farmer":1,"minecraft:sugar_cane":1,"byg:soapstone":3,"minecraft:wheat":5,"minecraft:grass":65,"atmospheric:passion_vine":1,"minecraft:stonecutter":5,"minecraft:deepslate":11,"minecraft:yellow_terracotta":1,"forbidden_arcanus:stella_arcanum":1,"minecraft:mossy_cobblestone":11,"minecraft:moss_block":7,"woodworks:oak_boards":1,"minecraft:andesite":4,"minecraft:diamond_block":4,"minecraft:cobblestone_slab":1,"minecraft:vine":24,"minecraft:smithing_table":1,"undead_unleashed:shaded_bricks":1,"minecraft:stone_brick_slab":1,"galosphere:deepslate_silver_ore":2,"minecraft:emerald_ore":19,"undead_unleashed:mossy_shaded_bricks":1,"minecraft:campfire":1,"minecraft:tall_grass":5,"minecraft:copper_ore":10,"minecraft:black_stained_glass":2,"easy_villagers:incubator":1,"minecraft:cobblestone_wall":1,"minecraft:birch_leaves":1,"minecraft:jungle_fence":2,"minecraft:cobweb":2,"minecraft:acacia_planks":1,"minecraft:stone_bricks":3,"minecraft:gold_ore":2,"minecraft:fern":1,"minecraft:cobblestone_stairs":1,"minecraft:grass_block":48,"minecraft:composter":1,"farmersdelight:wild_rice":2,"minecraft:iron_ore":3,"minecraft:anvil":2,"bakery:strawberry_jungle":1,"minecraft:iron_bars":8,"minecraft:spruce_slab":1,"supplementaries:book_pile":1,"supplementaries:wild_flax":2,"byg:firecracker_flower_bush":2,"minecraft:cobblestone":53,"minecraft:grindstone":2,"minecraft:oak_planks":27,"vinery:white_grape_bush":4,"minecraft:wall_torch":8,"minecraft:birch_log":16,"minecraft:tnt":2,"minecraft:oak_log":74,"minecraft:dirt":38,"minecraft:sand":15,"minecraft:oak_leaves":30,"minecraft:emerald_block":10,"minecraft:oak_door":1,"minecraft:glow_lichen":1,"minecraft:spruce_leaves":4,"iter_rpg:big_vase":2,"minecraft:acacia_slab":1,"minecraft:hay_block":45,"minecraft:furnace":1,"minecraft:acacia_stairs":1,"minecraft:gold_block":1,"woodworks:acacia_chest":2,"minecraft:bookshelf":1,"minecraft:stripped_oak_log":1,"minecraft:stone":186,"byg:firecracker_leaves":1,"minecraft:basalt":1,"relics:researching_table":1,"minecraft:oak_fence":1,"woodworks:oak_chest":4,"minecraft:lapis_ore":5,"delightful:wild_salmonberries":5,"twilightforest:mayapple":2,"supplementaries:urn":7,"forbidden_arcanus:xpetrified_ore":3,"iter_rpg:abyss_quartz":1,"iter_rpg:spider_egg":1,"minecraft:coal_ore":115,"minecraft:cocoa":2,"minecraft:cracked_stone_bricks":2}},"DataVersion":3120}