{"stats":{"minecraft:killed":{"minecraft:spider":4,"minecraft:skeleton":6,"minecraft:chicken":2,"ecologics:coconut_crab":1,"minecraft:pig":9,"minecraft:creeper":2,"minecraft:sheep":6,"minecraft:pillager":7,"enemyexpansion:meature":2,"minecraft:zombie":23,"undead_unleashed:shadewraith":1,"alexsmobs:maned_wolf":1,"enemyexpansion:botfly":5,"undead_unleashed:haunter":2,"whisperwoods:moth":1,"minecraft:vindicator":4,"enemyexpansion:direwolf":1,"minecraft:drowned":1,"goblintraders:goblin_trader":1,"enemyexpansion:scorpion":1,"minecraft:husk":2,"aquamirae:maw":1,"majruszsdifficulty:cursed_armor":11,"whisperwoods:zotzpyre":2,"iter_rpg:scallop":1,"ars_nouveau:wilden_hunter":1,"enemyexpansion:slugger":1},"minecraft:crafted":{"minecraft:oak_planks":164,"minecraft:oak_pressure_plate":2,"minecraft:birch_slab":6,"minecraft:stone":4,"minecraft:glass":6,"minecraft:oak_slab":6,"minecraft:crafting_table":3,"minecraft:wooden_pickaxe":1,"minecraft:copper_ingot":8,"minecraft:birch_planks":68,"cisco_mod:adventurer_chestplate":2,"minecraft:stone_slab":6,"minecraft:stick":12,"woodworks:acacia_chest":2,"minecraft:furnace":3,"minecraft:glass_pane":16,"minecraft:stone_pickaxe":2,"woodworks:oak_boards":15,"woodworks:birch_chest":8,"sophisticatedbackpacks:gold_backpack":1,"minecraft:stone_axe":2,"minecraft:air":0,"minecraft:oak_boat":2,"minecraft:oak_stairs":16,"minecraft:acacia_planks":16,"minecraft:torch":4},"minecraft:used":{"minecraft:moss_block":1,"minecraft:moss_carpet":8,"easy_villagers:breeder":1,"minecraft:shield":40,"minecraft:iron_sword":197,"minecraft:rotten_flesh":2,"minecraft:debug_stick":7,"vinery:savanna_grapes_white":2,"minecraft:carrot":6,"simplyswords:iron_longsword":156,"easy_villagers:iron_farm":1,"minecraft:stone_bricks":3,"minecraft:item_frame":1,"minecraft:red_carpet":6,"minecraft:bow":14,"woodworks:birch_chest":14,"minecraft:furnace":4,"minecraft:oak_sapling":5,"woodworks:oak_boards":15,"dummmmmmy:target_dummy":2,"minecraft:leather_leggings":1,"relics:researching_table":2,"simplyswords:brimstone_claymore":46,"minecraft:stone_pickaxe":100,"minecraft:oak_planks":61,"minecraft:leather_chestplate":1,"minecraft:wooden_pickaxe":6,"minecraft:composter":1,"minecraft:blast_furnace":2,"farmersdelight:ratatouille":16,"minecraft:lever":1,"sophisticatedbackpacks:backpack":1,"easy_villagers:villager":1,"minecraft:bread":13,"minecraft:oak_pressure_plate":2,"vinery:savanna_grape_seeds_white":1,"minecraft:soul_lantern":1,"ecologics:coconut_slice":6,"minecraft:grindstone":1,"minecraft:smithing_table":1,"minecraft:oak_boat":3,"minecraft:trident":5,"minecraft:iron_bars":1,"minecraft:stone_sword":149,"minecraft:armor_stand":2,"minecraft:stone_shovel":13,"woodworks:oak_chest":6,"minecraft:oak_door":2,"minecraft:torch":57,"minecraft:dirt":61,"minecraft:anvil":1,"simplyswords:diamond_longsword":120,"minecraft:cobblestone_wall":1,"minecraft:stone_brick_slab":1,"minecraft:iron_axe":52,"minecraft:oak_stairs":50,"easy_villagers:incubator":1,"minecraft:cooked_beef":4,"minecraft:cobblestone_stairs":1,"farmersdelight:golden_knife":3,"minecraft:fletching_table":1,"minecraft:stonecutter":4,"minecraft:cracked_stone_bricks":16,"minecraft:mossy_cobblestone":7,"delightful:salmonberries":2,"minecraft:oak_slab":6,"minecraft:crafting_table":4,"minecraft:red_bed":2,"minecraft:painting":2,"minecraft:smoker":1,"minecolonies:supplychestdeployer":1,"farmersdelight:bacon_and_eggs":7,"minecraft:apple":3,"waystones:mossy_waystone":2,"minecraft:iron_pickaxe":177,"minecraft:stone_slab":6,"minecraft:stone_axe":171,"minecraft:enchanted_book":1,"woodworks:acacia_chest":4,"minecraft:cobblestone":31,"minecraft:potion":1,"minecraft:cooked_porkchop":2,"minecraft:bucket":3,"alexsmobs:animal_dictionary":8,"minecraft:gray_wool":1},"minecraft:dropped":{"byg:biomepedia":1,"naturescompass:naturescompass":2,"minecraft:iron_sword":1,"minecraft:moss_block":4,"minecraft:porkchop":5,"minecraft:birch_planks":12,"minecraft:oak_log":34,"minecraft:glass_bottle":2,"minecolonies:supplycampdeployer":2,"minecraft:crafting_table":1,"woodworks:oak_boards":1,"minecraft:cracked_stone_bricks":100,"minecraft:saddle":3,"undead_unleashed:grave_metal_scrap":14,"vinery:fermentation_barrel":2,"minecraft:leather_helmet":2,"minecraft:emerald":3,"minecraft:dirt":6,"minecraft:netherite_scrap":1,"immersive_armors:wooden_leggings":1,"majruszsdifficulty:tattered_boots":1,"irons_spellbooks:arcane_essence":54,"farmersdelight:onion":3,"minecraft:gold_nugget":11,"minecraft:wooden_sword":2,"minecraft:phantom_membrane":14,"minecraft:iron_pickaxe":1,"majruszsdifficulty:tattered_leggings":3,"minecraft:birch_log":24,"twigs:twig":48,"minecraft:gold_ingot":9,"quark:black_shard":4,"majruszsdifficulty:tattered_chestplate":1,"minecraft:stone_axe":2,"alexsmobs:animal_dictionary":1,"ars_nouveau:wilden_spike":2,"minecraft:sugar_cane":7,"minecraft:cooked_chicken":2,"minecraft:iron_nugget":12,"ars_nouveau:whirlisprig_shards":1,"minecraft:wheat":35,"endrem:rogue_eye":1,"minecraft:rotten_flesh":6,"aether:leather_gloves":1,"immersive_armors:bone_boots":1,"patchouli:guide_book":1,"minecraft:chainmail_chestplate":3,"minecraft:poppy":19,"supplementaries:flax_seeds":2,"minecraft:turtle_helmet":2,"minecraft:trident":2,"minecraft:gunpowder":10,"minecraft:glowstone":1,"minecraft:beetroot_seeds":4,"apotheosis:gem":9,"minecraft:leather_boots":3,"minecraft:chainmail_boots":2,"minecraft:leather_leggings":2,"minecraft:spruce_slab":2,"minecraft:iron_bars":7,"minecraft:glass":1,"minecraft:stone_brick_stairs":6,"structurize:sceptergold":1,"minecraft:enchanted_book":7,"minecraft:egg":1,"alexsmobs:fedora":2,"farmersdelight:tomato_seeds":5,"minecolonies:supplychestdeployer":1,"minecraft:iron_ingot":64,"minecraft:bread":4,"minecraft:wheat_seeds":8,"minecraft:feather":4,"minecraft:iron_helmet":3,"minecraft:cobblestone":6,"enemyexpansion:scorpion_tail":1,"minecraft:apple":19,"ecologics:crab_claw":1,"cisco_mod:adventurer_chestplate":1,"minecraft:golden_apple":6,"minecraft:stick":23,"minecraft:cobweb":3,"irons_spellbooks:scroll":1,"minecraft:lava_bucket":1,"farmersdelight:golden_knife":2,"minecraft:golden_carrot":8,"minecraft:ink_sac":5,"minecraft:torch":15,"minecraft:melon_slice":9,"minecraft:rose_bush":1,"minecraft:brown_wool":3,"minecraft:map":1,"delightful:acorn":21,"relics:researching_table":1,"minecraft:chainmail_leggings":1,"minecraft:paper":43,"minecraft:lily_pad":4,"minecraft:music_disc_cat":1,"vinery:jungle_grapes_red":2,"minecraft:redstone":22,"minecraft:anvil":1,"ars_nouveau:source_berry":2,"minecraft:stone_sword":3,"minecraft:bowl":14,"minecraft:iron_hoe":2,"simplyswords:diamond_longsword":1,"sophisticatedbackpacks:backpack":1,"minecraft:name_tag":5,"minecraft:debug_stick":1,"minecraft:glass_pane":12,"vinery:white_grape":5,"minecraft:potato":4,"minecraft:shield":2,"aether:iron_gloves":1,"aether:chainmail_gloves":1,"ars_nouveau:music_disc_thistle_the_sound_of_glass":1,"minecraft:iron_chestplate":1,"minecraft:oak_sapling":62,"farmersdelight:minced_beef":5,"minecraft:carved_pumpkin":1,"minecraft:spider_eye":1,"vinery:red_grape":2,"minecraft:slime_ball":7,"minecraft:stone_pickaxe":4,"minecraft:wooden_pickaxe":1,"ars_nouveau:amplify_arrow":54,"apotheosis:gem_dust":1},"minecraft:killed_by":{"minecraft:vindicator":1,"minecraft:skeleton":1},"minecraft:picked_up":{"minecolonies:supplycampdeployer":2,"irons_spellbooks:scroll":7,"minecraft:iron_chestplate":1,"vinery:red_grape":7,"minecraft:wheat":119,"minecraft:chainmail_boots":4,"easy_villagers:breeder":1,"minecraft:anvil":4,"minecraft:smithing_table":1,"aether:iron_gloves":1,"minecraft:oak_stairs":11,"vinery:red_grape_seeds":20,"minecraft:enchanted_book":33,"minecraft:potion":4,"bakery:strawberry_seeds":1,"minecraft:stone_brick_stairs":6,"minecraft:music_disc_cat":2,"minecraft:string":98,"apotheosis:epic_material":1,"minecraft:raw_copper":52,"minecraft:iron_leggings":1,"minecraft:armor_stand":3,"woodworks:oak_chest":4,"irons_spellbooks:arcane_essence":139,"minecraft:bucket":1,"minecraft:gold_nugget":73,"atmospheric:passion_vine":1,"delightful:acorn":45,"minecraft:rose_bush":1,"minecraft:cobblestone_slab":2,"minecraft:enchanted_golden_apple":3,"minecraft:wooden_shovel":1,"quark:black_shard":4,"minecraft:iron_pickaxe":2,"minecraft:melon_slice":31,"farmersdelight:cabbage_seeds":25,"ecologics:crab_claw":3,"minecraft:furnace":2,"minecraft:tipped_arrow":25,"minecraft:stick":66,"minecolonies:supplychestdeployer":1,"apotheosis:gem":50,"forbidden_arcanus:tentacle":1,"minecraft:composter":1,"forbidden_arcanus:aureal_bottle":2,"minecraft:torch":74,"alexsmobs:fedora":4,"minecraft:porkchop":33,"alexsmobs:tendon_whip":1,"minecraft:cauldron":1,"majruszsaccessories:dream_catcher":1,"minecraft:stone_sword":5,"minecraft:rotten_flesh":50,"forbidden_arcanus:splash_aureal_bottle":2,"farmersdelight:onion":6,"ars_nouveau:worn_notebook":2,"aether:chainmail_gloves":2,"minecraft:carved_pumpkin":1,"minecraft:glowstone":2,"farmersdelight:rope":42,"ars_nouveau:whirlisprig_shards":2,"supplementaries:ash":2,"endrem:rogue_eye":3,"minecraft:iron_bars":11,"ars_nouveau:drygmy_shard":1,"minecraft:cobblestone":142,"minecraft:birch_log":64,"minecraft:cooked_beef":42,"minecraft:magma_block":2,"woodworks:birch_chest":8,"minecraft:leather_chestplate":4,"minecraft:feather":12,"farmersdelight:rice":4,"minecraft:brown_wool":3,"ars_nouveau:source_berry":5,"dummmmmmy:target_dummy":1,"minecraft:smoker":1,"minecraft:potato":8,"minecraft:flint":1,"supplementaries:flax_seeds":4,"minecraft:wither_skeleton_skull":3,"minecraft:map":3,"minecraft:dirt":76,"lootr:trophy":1,"minecraft:lantern":5,"aquamirae:fin":1,"minecraft:name_tag":11,"minecraft:leather_boots":3,"minecraft:glass":40,"minecraft:bone":172,"farmersdelight:iron_knife":1,"majruszsaccessories:miner_guide":2,"minecraft:bow":2,"minecraft:stonecutter":5,"minecraft:wheat_seeds":123,"minecraft:grindstone":2,"minecraft:fletching_table":1,"minecraft:moss_block":11,"twigs:twig":103,"minecraft:stone_hoe":1,"minecraft:oak_planks":27,"minecraft:cooked_porkchop":2,"minecraft:music_disc_13":1,"patchouli:guide_book":7,"relics:hunter_belt":1,"vinery:white_grape":13,"minecraft:sand":13,"ecologics:coconut_husk":6,"minecraft:melon":4,"minecraft:fermented_spider_eye":2,"minecraft:diamond_block":4,"iter_rpg:stone_geode":1,"minecraft:ink_sac":18,"alexsmobs:animal_dictionary":2,"ars_nouveau:wilden_horn":13,"minecraft:mossy_cobblestone":9,"minecraft:iron_hoe":4,"immersive_armors:bone_boots":2,"vinery:jungle_grapes_red":7,"minecraft:diamond":7,"minecraft:soul_lantern":1,"minecraft:lever":1,"minecraft:crossbow":2,"minecraft:bone_meal":39,"relics:researching_table":2,"minecraft:golden_horse_armor":1,"minecraft:bread":16,"minecraft:emerald":82,"minecraft:oak_sapling":145,"irons_spellbooks:uncommon_ink":2,"majruszsdifficulty:tattered_boots":1,"minecraft:cocoa_beans":6,"minecraft:charcoal":4,"minecraft:crafting_table":2,"minecraft:chicken":6,"minecolonies:scroll_buff":16,"minecraft:turtle_helmet":5,"minecraft:leather_leggings":6,"minecraft:brown_mushroom":2,"ars_nouveau:warp_scroll":1,"minecraft:cooked_rabbit":1,"minecraft:gold_block":1,"minecraft:brick":4,"minecraft:shield":8,"ars_nouveau:amplify_arrow":81,"minecraft:red_bed":2,"minecraft:moss_carpet":15,"minecraft:iron_axe":1,"minecraft:wooden_sword":4,"minecraft:netherite_scrap":2,"minecraft:item_frame":3,"minecraft:iron_shovel":2,"minecraft:glass_pane":24,"immersive_armors:slime_boots":1,"supplementaries:bomb":2,"minecraft:cracked_stone_bricks":52,"minecraft:oak_boat":1,"immersive_armors:wooden_leggings":2,"minecraft:iron_nugget":24,"minecraft:poppy":38,"minecraft:spruce_slab":9,"minecraft:sugar_cane":35,"minecraft:birch_sapling":13,"farmersdelight:golden_knife":4,"minecraft:phantom_membrane":28,"minecraft:egg":3,"minecraft:raw_iron":1,"easy_villagers:incubator":1,"minecraft:oak_door":1,"ecologics:coconut_slice":18,"farmersdelight:minced_beef":5,"minecraft:bowl":4,"sophisticatedbackpacks:backpack":1,"farmersdelight:tomato_seeds":43,"minecraft:trident":2,"woodworks:oak_boards":3,"majruszsaccessories:adventurer_kit":1,"structurize:sceptergold":2,"origins:orb_of_origin":1,"simplyswords:diamond_longsword":1,"minecraft:carrot":21,"minecraft:redstone":44,"byg:biomepedia":2,"immersive_armors:wooden_helmet":1,"minecraft:arrow":79,"minecraft:stone_shovel":1,"minecraft:beetroot_seeds":24,"minecraft:pumpkin_pie":34,"vinery:white_grape_seeds":2,"minecraft:hay_block":101,"minecraft:glistering_melon_slice":3,"minecraft:saddle":8,"minecraft:gold_ingot":43,"minecraft:mutton":15,"cisco_mod:champion_coin":7,"minecraft:white_wool":9,"minecraft:stripped_oak_log":1,"minecraft:basalt":1,"minecraft:leather":14,"minecraft:jungle_fence":1,"majruszsdifficulty:tattered_helmet":1,"twilightforest:ironwood_chestplate":2,"minecraft:birch_planks":12,"woodworks:acacia_chest":2,"minecraft:lily_pad":4,"minecraft:oak_log":142,"minecraft:chainmail_chestplate":8,"minecraft:golden_boots":1,"minecraft:gunpowder":51,"minecraft:cobblestone_wall":10,"minecraft:cobblestone_stairs":1,"enemyexpansion:scorpion_tail":5,"byg:firecracker_flower_bush":1,"vinery:savanna_grapes_white":12,"minecraft:paper":156,"irons_spellbooks:common_ink":3,"minecraft:red_carpet":6,"majruszsdifficulty:tattered_leggings":4,"minecraft:apple":69,"minecraft:stone_bricks":3,"minecraft:cobweb":10,"minecraft:iron_ingot":163,"minecraft:stone_pickaxe":4,"minecraft:cooked_chicken":4,"ringsofascension:ring_experience":1,"minecraft:glass_bottle":2,"minecraft:acacia_sapling":12,"apotheosis:gem_dust":2,"minecraft:iron_sword":3,"minecraft:book":9,"minecraft:emerald_block":10,"vinery:jungle_grapes_white":2,"minecraft:chiseled_stone_bricks":1,"twilightforest:triple_bow":1,"minecraft:stone_brick_slab":1,"waystones:mossy_waystone":1,"minecraft:lava_bucket":1,"vinery:fermentation_barrel":3,"minecraft:amethyst_shard":12,"delightful:salmonberries":6,"undead_unleashed:grave_metal_scrap":46,"minecraft:blast_furnace":2,"ars_nouveau:music_disc_thistle_the_sound_of_glass":2,"minecraft:spider_eye":1,"minecraft:leather_helmet":3,"ars_nouveau:wilden_spike":7,"minecraft:slime_ball":14,"minecraft:stone_axe":2,"minecraft:chainmail_leggings":2,"minecraft:iron_helmet":7,"immersive_armors:wooden_chestplate":3,"minecraft:painting":2,"naturescompass:naturescompass":3,"minecraft:oak_button":1,"minecraft:baked_potato":6,"minecraft:acacia_slab":2,"minecraft:melon_seeds":30,"majruszsdifficulty:tattered_chestplate":1,"immersive_armors:wooden_boots":2,"minecraft:coal":83},"minecraft:broken":{"minecraft:stone_shovel":1,"aether:iron_gloves":2},"minecraft:mined":{"minecraft:cobblestone_stairs":1,"minecraft:jungle_leaves":8,"minecraft:grass_block":41,"ecologics:moss_layer":1,"minecraft:composter":1,"minecraft:chiseled_stone_bricks":1,"woodworks:birch_chest":8,"minecraft:magma_block":2,"farmersdelight:wild_rice":2,"minecraft:moss_carpet":13,"easy_villagers:breeder":1,"minecraft:anvil":2,"minecraft:fletching_table":1,"bakery:strawberry_jungle":1,"minecraft:iron_bars":8,"minecraft:oak_stairs":11,"minecraft:spruce_slab":1,"minecraft:tripwire":3,"vinery:jungle_grape_bush_red":1,"minecraft:red_bed":2,"supplementaries:book_pile":1,"minecraft:smoker":1,"ars_nouveau:light_block":1,"atmospheric:flowering_morado_leaves":1,"minecraft:blast_furnace":2,"vinery:red_grape_bush":6,"supplementaries:wild_flax":2,"byg:firecracker_flower_bush":2,"minecraft:cobblestone":24,"minecraft:oak_planks":27,"minecraft:grindstone":2,"minecraft:sugar_cane":1,"minecraft:wall_torch":8,"vinery:white_grape_bush":4,"minecraft:birch_log":16,"minecraft:wheat":5,"minecraft:tnt":2,"minecraft:grass":57,"minecraft:oak_log":74,"minecraft:sand":13,"minecraft:dirt":19,"atmospheric:passion_vine":1,"minecraft:stonecutter":5,"minecraft:oak_leaves":30,"minecraft:emerald_block":10,"minecraft:mossy_cobblestone":11,"minecraft:oak_door":1,"minecraft:acacia_slab":1,"minecraft:moss_block":7,"minecraft:hay_block":45,"minecraft:furnace":1,"woodworks:oak_boards":1,"minecraft:diamond_block":4,"minecraft:gold_block":1,"woodworks:acacia_chest":2,"minecraft:bookshelf":1,"minecraft:cobblestone_slab":1,"minecraft:vine":24,"minecraft:stripped_oak_log":1,"minecraft:stone":115,"byg:firecracker_leaves":1,"minecraft:smithing_table":1,"undead_unleashed:shaded_bricks":1,"minecraft:basalt":1,"minecraft:stone_brick_slab":1,"relics:researching_table":1,"minecraft:oak_fence":1,"undead_unleashed:mossy_shaded_bricks":1,"minecraft:campfire":1,"woodworks:oak_chest":4,"minecraft:tall_grass":5,"minecraft:copper_ore":7,"delightful:wild_salmonberries":5,"minecraft:black_stained_glass":2,"easy_villagers:incubator":1,"minecraft:cobblestone_wall":1,"minecraft:birch_leaves":1,"minecraft:jungle_fence":2,"minecraft:coal_ore":59,"minecraft:cocoa":2,"minecraft:cobweb":2,"minecraft:cracked_stone_bricks":2,"minecraft:stone_bricks":3,"minecraft:fern":1},"minecraft:custom":{"enigmaticlegacy:play_time_with_seven_curses":0,"lootr:looted_stat":126,"minecraft:interact_with_crafting_table":49,"minecraft:open_barrel":15,"minecraft:leave_game":5,"minecraft:time_since_death":151408,"minecraft:damage_resisted":0,"minecraft:sprint_one_cm":860629,"minecraft:damage_blocked_by_shield":1323,"minecraft:drop":220,"minecraft:talked_to_villager":4,"minecraft:play_time":344435,"minecraft:deaths":3,"minecraft:jump":5068,"minecraft:walk_on_water_one_cm":28252,"minecraft:interact_with_furnace":37,"minecraft:interact_with_loom":1,"minecraft:sleep_in_bed":17,"minecraft:waystone_activated":3,"minecraft:damage_dealt":33327,"minecraft:crouch_one_cm":22117,"minecraft:interact_with_smoker":5,"minecraft:inspect_dispenser":8,"minecraft:interact_with_smithing_table":1,"minecraft:mob_kills":103,"minecraft:damage_dealt_resisted":336,"minecraft:climb_one_cm":36025,"minecraft:walk_one_cm":654498,"minecraft:sneak_time":8871,"minecraft:walk_under_water_one_cm":11385,"minecraft:boat_one_cm":1441,"minecraft:total_world_time":344435,"enigmaticlegacy:play_time_without_seven_curses":344367,"minecraft:pot_flower":1,"minecraft:time_since_rest":10583,"minecraft:damage_taken":5791,"minecraft:damage_absorbed":162,"minecraft:trigger_trapped_chest":3,"minecraft:swim_one_cm":93730,"minecraft:fly_one_cm":1018306,"minecraft:open_chest":338,"minecraft:fall_one_cm":143225}},"DataVersion":3120}