{"stats":{"minecraft:killed":{"minecraft:spider":3,"minecraft:skeleton":5,"minecraft:chicken":2,"ecologics:coconut_crab":1,"minecraft:pig":8,"minecraft:sheep":2,"minecraft:pillager":5,"minecraft:zombie":13,"alexsmobs:maned_wolf":1,"undead_unleashed:haunter":1,"whisperwoods:moth":1,"minecraft:vindicator":3,"goblintraders:goblin_trader":1,"majruszsdifficulty:cursed_armor":10,"whisperwoods:zotzpyre":1,"ars_nouveau:wilden_hunter":1},"minecraft:crafted":{"minecraft:oak_planks":144,"minecraft:oak_pressure_plate":2,"minecraft:stone":4,"minecraft:glass":6,"minecraft:oak_slab":6,"minecraft:crafting_table":2,"minecraft:wooden_pickaxe":1,"minecraft:copper_ingot":8,"minecraft:birch_planks":48,"cisco_mod:adventurer_chestplate":2,"minecraft:stone_slab":6,"minecraft:stick":12,"woodworks:acacia_chest":2,"minecraft:furnace":3,"minecraft:glass_pane":16,"minecraft:stone_pickaxe":2,"woodworks:oak_boards":15,"woodworks:birch_chest":6,"sophisticatedbackpacks:gold_backpack":1,"minecraft:stone_axe":2,"minecraft:air":0,"minecraft:oak_boat":1,"minecraft:oak_stairs":16,"minecraft:acacia_planks":16,"minecraft:torch":4},"minecraft:used":{"minecraft:moss_block":1,"minecraft:moss_carpet":8,"easy_villagers:breeder":1,"minecraft:shield":35,"minecraft:iron_sword":197,"minecraft:rotten_flesh":2,"minecraft:debug_stick":7,"minecraft:carrot":6,"simplyswords:iron_longsword":71,"easy_villagers:iron_farm":1,"minecraft:item_frame":1,"minecraft:red_carpet":6,"minecraft:bow":14,"woodworks:birch_chest":7,"minecraft:furnace":4,"minecraft:oak_sapling":5,"woodworks:oak_boards":15,"dummmmmmy:target_dummy":2,"minecraft:leather_leggings":1,"simplyswords:brimstone_claymore":14,"minecraft:stone_pickaxe":100,"minecraft:oak_planks":61,"minecraft:leather_chestplate":1,"minecraft:wooden_pickaxe":6,"minecraft:composter":1,"farmersdelight:ratatouille":15,"sophisticatedbackpacks:backpack":1,"easy_villagers:villager":1,"minecraft:bread":10,"minecraft:oak_pressure_plate":2,"minecraft:soul_lantern":1,"ecologics:coconut_slice":6,"minecraft:grindstone":1,"minecraft:oak_boat":2,"minecraft:iron_bars":1,"minecraft:stone_sword":149,"minecraft:armor_stand":2,"minecraft:stone_shovel":13,"woodworks:oak_chest":2,"minecraft:oak_door":2,"minecraft:torch":56,"minecraft:dirt":60,"simplyswords:diamond_longsword":54,"minecraft:cobblestone_wall":1,"minecraft:iron_axe":30,"minecraft:oak_stairs":50,"easy_villagers:incubator":1,"minecraft:cooked_beef":4,"minecraft:cobblestone_stairs":1,"farmersdelight:golden_knife":3,"minecraft:fletching_table":1,"minecraft:stonecutter":4,"minecraft:cracked_stone_bricks":15,"minecraft:mossy_cobblestone":1,"delightful:salmonberries":2,"minecraft:oak_slab":6,"minecraft:crafting_table":3,"minecraft:red_bed":2,"minecraft:painting":2,"minecolonies:supplychestdeployer":1,"minecraft:apple":3,"waystones:mossy_waystone":2,"minecraft:iron_pickaxe":65,"minecraft:stone_slab":6,"minecraft:stone_axe":171,"minecraft:enchanted_book":1,"woodworks:acacia_chest":2,"minecraft:cobblestone":19,"minecraft:potion":1,"minecraft:cooked_porkchop":2,"minecraft:bucket":3},"minecraft:dropped":{"naturescompass:naturescompass":1,"minecraft:moss_block":4,"minecraft:porkchop":3,"minecraft:birch_planks":12,"minecraft:glass_bottle":1,"minecolonies:supplycampdeployer":2,"minecraft:cracked_stone_bricks":100,"minecraft:saddle":1,"vinery:fermentation_barrel":1,"minecraft:leather_helmet":2,"minecraft:dirt":6,"minecraft:gold_nugget":8,"minecraft:wooden_sword":1,"minecraft:iron_pickaxe":1,"twigs:twig":3,"quark:black_shard":4,"majruszsdifficulty:tattered_chestplate":1,"minecraft:stone_axe":1,"minecraft:iron_nugget":12,"endrem:rogue_eye":1,"minecraft:rotten_flesh":6,"aether:leather_gloves":1,"supplementaries:flax_seeds":2,"minecraft:beetroot_seeds":4,"apotheosis:gem":1,"minecraft:leather_boots":3,"minecraft:leather_leggings":2,"minecraft:iron_bars":7,"minecraft:stone_brick_stairs":6,"minecolonies:supplychestdeployer":1,"minecraft:bread":4,"minecraft:wheat_seeds":8,"minecraft:iron_helmet":1,"minecraft:cobblestone":6,"minecraft:apple":1,"cisco_mod:adventurer_chestplate":1,"minecraft:golden_apple":6,"minecraft:stick":3,"minecraft:lava_bucket":1,"minecraft:golden_carrot":8,"minecraft:ink_sac":5,"minecraft:torch":15,"minecraft:rose_bush":1,"delightful:acorn":2,"minecraft:lily_pad":4,"minecraft:stone_sword":2,"minecraft:bowl":6,"sophisticatedbackpacks:backpack":1,"minecraft:debug_stick":1,"vinery:white_grape":1,"aether:iron_gloves":1,"ars_nouveau:music_disc_thistle_the_sound_of_glass":1,"minecraft:oak_sapling":1,"minecraft:carved_pumpkin":1,"minecraft:stone_pickaxe":3,"minecraft:wooden_pickaxe":1},"minecraft:killed_by":{"minecraft:vindicator":1,"minecraft:skeleton":1},"minecraft:picked_up":{"minecolonies:supplycampdeployer":2,"vinery:red_grape":3,"minecraft:wheat":11,"easy_villagers:breeder":1,"minecraft:oak_stairs":11,"vinery:red_grape_seeds":10,"minecraft:enchanted_book":2,"minecraft:potion":1,"minecraft:stone_brick_stairs":6,"minecraft:string":4,"minecraft:raw_copper":30,"minecraft:armor_stand":3,"minecraft:gold_nugget":3,"atmospheric:passion_vine":1,"delightful:acorn":6,"minecraft:rose_bush":1,"minecraft:cobblestone_slab":2,"minecraft:wooden_shovel":1,"quark:black_shard":4,"minecraft:iron_pickaxe":1,"ecologics:crab_claw":1,"minecolonies:supplychestdeployer":1,"apotheosis:gem":12,"forbidden_arcanus:tentacle":1,"minecraft:composter":1,"minecraft:torch":9,"alexsmobs:fedora":1,"minecraft:porkchop":14,"majruszsaccessories:dream_catcher":1,"minecraft:stone_sword":3,"minecraft:rotten_flesh":22,"minecraft:carved_pumpkin":1,"supplementaries:ash":1,"endrem:rogue_eye":1,"minecraft:iron_bars":10,"minecraft:cobblestone":93,"minecraft:birch_log":16,"woodworks:birch_chest":1,"minecraft:leather_chestplate":2,"minecraft:feather":4,"farmersdelight:rice":2,"dummmmmmy:target_dummy":1,"supplementaries:flax_seeds":4,"minecraft:wither_skeleton_skull":1,"minecraft:map":1,"minecraft:dirt":71,"minecraft:lantern":1,"minecraft:leather_boots":3,"minecraft:bone":19,"minecraft:stonecutter":4,"minecraft:wheat_seeds":35,"minecraft:grindstone":1,"minecraft:fletching_table":1,"minecraft:moss_block":6,"twigs:twig":10,"minecraft:oak_planks":27,"minecraft:cooked_porkchop":1,"vinery:white_grape":5,"minecraft:sand":13,"minecraft:ink_sac":8,"ars_nouveau:wilden_horn":2,"minecraft:mossy_cobblestone":3,"vinery:jungle_grapes_red":2,"minecraft:soul_lantern":1,"minecraft:crossbow":1,"minecraft:bread":5,"minecraft:emerald":5,"minecraft:oak_sapling":19,"minecraft:charcoal":2,"minecraft:chicken":3,"minecraft:leather_leggings":4,"minecraft:shield":3,"minecraft:red_bed":2,"minecraft:moss_carpet":15,"minecraft:wooden_sword":2,"minecraft:netherite_scrap":1,"minecraft:item_frame":3,"minecraft:cracked_stone_bricks":52,"minecraft:oak_boat":1,"minecraft:spruce_slab":5,"minecraft:sugar_cane":2,"minecraft:egg":1,"easy_villagers:incubator":1,"minecraft:oak_door":1,"ecologics:coconut_slice":12,"sophisticatedbackpacks:backpack":1,"woodworks:oak_boards":1,"minecraft:carrot":3,"minecraft:arrow":16,"minecraft:stone_shovel":1,"vinery:white_grape_seeds":2,"minecraft:hay_block":45,"minecraft:gold_ingot":5,"minecraft:mutton":4,"minecraft:white_wool":2,"minecraft:stripped_oak_log":1,"minecraft:basalt":1,"minecraft:jungle_fence":1,"minecraft:birch_planks":12,"minecraft:lily_pad":4,"minecraft:oak_log":69,"minecraft:chainmail_chestplate":3,"minecraft:cobblestone_wall":10,"minecraft:cobblestone_stairs":1,"enemyexpansion:scorpion_tail":1,"vinery:savanna_grapes_white":5,"minecraft:red_carpet":6,"minecraft:apple":4,"minecraft:stone_bricks":3,"minecraft:stone_pickaxe":1,"minecraft:iron_sword":1,"minecraft:book":4,"waystones:mossy_waystone":1,"vinery:fermentation_barrel":1,"undead_unleashed:grave_metal_scrap":12,"ars_nouveau:music_disc_thistle_the_sound_of_glass":1,"minecraft:leather_helmet":3,"immersive_armors:wooden_chestplate":1,"minecraft:painting":2,"naturescompass:naturescompass":1,"minecraft:acacia_slab":1,"majruszsdifficulty:tattered_chestplate":1,"immersive_armors:wooden_boots":1,"minecraft:coal":44},"minecraft:broken":{"minecraft:stone_shovel":1,"aether:iron_gloves":1},"minecraft:mined":{"minecraft:cobblestone_stairs":1,"minecraft:jungle_leaves":7,"minecraft:grass_block":40,"ecologics:moss_layer":1,"minecraft:composter":1,"woodworks:birch_chest":1,"farmersdelight:wild_rice":2,"minecraft:moss_carpet":13,"easy_villagers:breeder":1,"minecraft:fletching_table":1,"minecraft:iron_bars":8,"minecraft:oak_stairs":11,"minecraft:spruce_slab":1,"minecraft:tripwire":2,"vinery:jungle_grape_bush_red":1,"minecraft:red_bed":2,"supplementaries:book_pile":1,"ars_nouveau:light_block":1,"atmospheric:flowering_morado_leaves":1,"vinery:red_grape_bush":6,"supplementaries:wild_flax":2,"minecraft:cobblestone":12,"minecraft:oak_planks":27,"minecraft:grindstone":1,"minecraft:sugar_cane":1,"minecraft:wall_torch":8,"vinery:white_grape_bush":4,"minecraft:birch_log":16,"minecraft:wheat":5,"minecraft:tnt":2,"minecraft:grass":51,"minecraft:oak_log":69,"minecraft:sand":13,"minecraft:dirt":18,"atmospheric:passion_vine":1,"minecraft:stonecutter":4,"minecraft:oak_leaves":30,"minecraft:mossy_cobblestone":4,"minecraft:oak_door":1,"minecraft:acacia_slab":1,"minecraft:moss_block":7,"minecraft:hay_block":45,"woodworks:oak_boards":1,"minecraft:bookshelf":1,"minecraft:cobblestone_slab":1,"minecraft:vine":19,"minecraft:stripped_oak_log":1,"minecraft:stone":71,"undead_unleashed:shaded_bricks":1,"minecraft:basalt":1,"minecraft:oak_fence":1,"undead_unleashed:mossy_shaded_bricks":1,"minecraft:campfire":1,"minecraft:tall_grass":5,"minecraft:copper_ore":7,"delightful:wild_salmonberries":5,"minecraft:black_stained_glass":2,"easy_villagers:incubator":1,"minecraft:cobblestone_wall":1,"minecraft:birch_leaves":1,"minecraft:jungle_fence":1,"minecraft:coal_ore":44,"minecraft:cobweb":1,"minecraft:cracked_stone_bricks":2,"minecraft:stone_bricks":3,"minecraft:fern":1},"minecraft:custom":{"enigmaticlegacy:play_time_with_seven_curses":0,"lootr:looted_stat":76,"minecraft:interact_with_crafting_table":44,"minecraft:open_barrel":15,"minecraft:leave_game":4,"minecraft:time_since_death":78774,"minecraft:damage_resisted":0,"minecraft:sprint_one_cm":689605,"minecraft:damage_blocked_by_shield":1283,"minecraft:drop":93,"minecraft:talked_to_villager":3,"minecraft:play_time":271801,"minecraft:deaths":3,"minecraft:jump":3890,"minecraft:walk_on_water_one_cm":19728,"minecraft:interact_with_furnace":29,"minecraft:interact_with_loom":1,"minecraft:sleep_in_bed":11,"minecraft:waystone_activated":2,"minecraft:damage_dealt":19152,"minecraft:crouch_one_cm":16743,"minecraft:interact_with_smoker":1,"minecraft:inspect_dispenser":4,"minecraft:mob_kills":61,"minecraft:damage_dealt_resisted":336,"minecraft:climb_one_cm":26666,"minecraft:walk_one_cm":528244,"minecraft:sneak_time":6693,"minecraft:walk_under_water_one_cm":7702,"minecraft:boat_one_cm":1071,"minecraft:total_world_time":271801,"enigmaticlegacy:play_time_without_seven_curses":271733,"minecraft:pot_flower":1,"minecraft:time_since_rest":14766,"minecraft:damage_taken":4253,"minecraft:damage_absorbed":81,"minecraft:trigger_trapped_chest":2,"minecraft:swim_one_cm":48929,"minecraft:fly_one_cm":768284,"minecraft:open_chest":206,"minecraft:fall_one_cm":110191}},"DataVersion":3120}