{"stats":{"minecraft:killed":{"minecraft:spider":4,"minecraft:skeleton":6,"minecraft:chicken":2,"ecologics:coconut_crab":1,"minecraft:pig":9,"minecraft:creeper":2,"minecraft:sheep":6,"minecraft:pillager":7,"enemyexpansion:meature":2,"minecraft:zombie":23,"undead_unleashed:shadewraith":1,"alexsmobs:maned_wolf":1,"enemyexpansion:botfly":5,"undead_unleashed:haunter":2,"whisperwoods:moth":1,"minecraft:vindicator":4,"enemyexpansion:direwolf":1,"goblintraders:goblin_trader":1,"enemyexpansion:scorpion":1,"minecraft:husk":2,"aquamirae:maw":1,"majruszsdifficulty:cursed_armor":10,"whisperwoods:zotzpyre":2,"iter_rpg:scallop":1,"ars_nouveau:wilden_hunter":1,"enemyexpansion:slugger":1},"minecraft:crafted":{"minecraft:oak_planks":164,"minecraft:oak_pressure_plate":2,"minecraft:stone":4,"minecraft:glass":6,"minecraft:oak_slab":6,"minecraft:crafting_table":3,"minecraft:wooden_pickaxe":1,"minecraft:copper_ingot":8,"minecraft:birch_planks":48,"cisco_mod:adventurer_chestplate":2,"minecraft:stone_slab":6,"minecraft:stick":12,"woodworks:acacia_chest":2,"minecraft:furnace":3,"minecraft:glass_pane":16,"minecraft:stone_pickaxe":2,"woodworks:oak_boards":15,"woodworks:birch_chest":6,"sophisticatedbackpacks:gold_backpack":1,"minecraft:stone_axe":2,"minecraft:air":0,"minecraft:oak_boat":2,"minecraft:oak_stairs":16,"minecraft:acacia_planks":16,"minecraft:torch":4},"minecraft:used":{"minecraft:moss_block":1,"minecraft:moss_carpet":8,"easy_villagers:breeder":1,"minecraft:shield":37,"minecraft:iron_sword":197,"minecraft:rotten_flesh":2,"minecraft:debug_stick":7,"vinery:savanna_grapes_white":2,"minecraft:carrot":6,"simplyswords:iron_longsword":155,"easy_villagers:iron_farm":1,"minecraft:stone_bricks":3,"minecraft:item_frame":1,"minecraft:red_carpet":6,"minecraft:bow":14,"woodworks:birch_chest":7,"minecraft:furnace":4,"minecraft:oak_sapling":5,"woodworks:oak_boards":15,"dummmmmmy:target_dummy":2,"minecraft:leather_leggings":1,"simplyswords:brimstone_claymore":46,"minecraft:stone_pickaxe":100,"minecraft:oak_planks":61,"minecraft:leather_chestplate":1,"minecraft:wooden_pickaxe":6,"minecraft:composter":1,"farmersdelight:ratatouille":16,"minecraft:lever":1,"sophisticatedbackpacks:backpack":1,"easy_villagers:villager":1,"minecraft:bread":10,"minecraft:oak_pressure_plate":2,"vinery:savanna_grape_seeds_white":1,"minecraft:soul_lantern":1,"ecologics:coconut_slice":6,"minecraft:grindstone":1,"minecraft:oak_boat":3,"minecraft:iron_bars":1,"minecraft:stone_sword":149,"minecraft:armor_stand":2,"minecraft:stone_shovel":13,"woodworks:oak_chest":2,"minecraft:oak_door":2,"minecraft:torch":56,"minecraft:dirt":60,"simplyswords:diamond_longsword":109,"minecraft:cobblestone_wall":1,"minecraft:stone_brick_slab":1,"minecraft:iron_axe":39,"minecraft:oak_stairs":50,"easy_villagers:incubator":1,"minecraft:cooked_beef":4,"minecraft:cobblestone_stairs":1,"farmersdelight:golden_knife":3,"minecraft:fletching_table":1,"minecraft:stonecutter":4,"minecraft:cracked_stone_bricks":16,"minecraft:mossy_cobblestone":7,"delightful:salmonberries":2,"minecraft:oak_slab":6,"minecraft:crafting_table":4,"minecraft:red_bed":2,"minecraft:painting":2,"minecolonies:supplychestdeployer":1,"farmersdelight:bacon_and_eggs":6,"minecraft:apple":3,"waystones:mossy_waystone":2,"minecraft:iron_pickaxe":137,"minecraft:stone_slab":6,"minecraft:stone_axe":171,"minecraft:enchanted_book":1,"woodworks:acacia_chest":2,"minecraft:cobblestone":24,"minecraft:potion":1,"minecraft:cooked_porkchop":2,"minecraft:bucket":3,"alexsmobs:animal_dictionary":8},"minecraft:dropped":{"naturescompass:naturescompass":1,"minecraft:moss_block":4,"minecraft:porkchop":3,"minecraft:birch_planks":12,"minecraft:glass_bottle":1,"minecolonies:supplycampdeployer":2,"minecraft:cracked_stone_bricks":100,"minecraft:saddle":1,"vinery:fermentation_barrel":1,"minecraft:leather_helmet":2,"minecraft:dirt":6,"minecraft:netherite_scrap":1,"minecraft:gold_nugget":8,"minecraft:wooden_sword":1,"minecraft:iron_pickaxe":1,"twigs:twig":3,"quark:black_shard":4,"majruszsdifficulty:tattered_chestplate":1,"minecraft:stone_axe":1,"minecraft:iron_nugget":12,"endrem:rogue_eye":1,"minecraft:rotten_flesh":6,"aether:leather_gloves":1,"supplementaries:flax_seeds":2,"minecraft:beetroot_seeds":4,"apotheosis:gem":1,"minecraft:leather_boots":3,"minecraft:leather_leggings":2,"minecraft:iron_bars":7,"minecraft:stone_brick_stairs":6,"minecolonies:supplychestdeployer":1,"minecraft:bread":4,"minecraft:wheat_seeds":8,"minecraft:iron_helmet":1,"minecraft:cobblestone":6,"minecraft:apple":1,"cisco_mod:adventurer_chestplate":1,"minecraft:golden_apple":6,"minecraft:stick":3,"minecraft:lava_bucket":1,"minecraft:golden_carrot":8,"minecraft:ink_sac":5,"minecraft:torch":15,"minecraft:rose_bush":1,"delightful:acorn":2,"minecraft:lily_pad":4,"minecraft:stone_sword":2,"minecraft:bowl":13,"simplyswords:diamond_longsword":1,"sophisticatedbackpacks:backpack":1,"minecraft:debug_stick":1,"vinery:white_grape":1,"aether:iron_gloves":1,"ars_nouveau:music_disc_thistle_the_sound_of_glass":1,"minecraft:oak_sapling":1,"minecraft:carved_pumpkin":1,"minecraft:spider_eye":1,"minecraft:stone_pickaxe":3,"minecraft:wooden_pickaxe":1},"minecraft:killed_by":{"minecraft:vindicator":1,"minecraft:skeleton":1},"minecraft:picked_up":{"minecolonies:supplycampdeployer":2,"vinery:red_grape":3,"minecraft:wheat":13,"easy_villagers:breeder":1,"minecraft:anvil":2,"minecraft:smithing_table":1,"minecraft:oak_stairs":11,"vinery:red_grape_seeds":10,"minecraft:enchanted_book":2,"minecraft:potion":1,"bakery:strawberry_seeds":1,"minecraft:stone_brick_stairs":6,"minecraft:string":6,"apotheosis:epic_material":1,"minecraft:raw_copper":30,"minecraft:armor_stand":3,"minecraft:gold_nugget":3,"atmospheric:passion_vine":1,"delightful:acorn":6,"minecraft:rose_bush":1,"minecraft:cobblestone_slab":2,"minecraft:wooden_shovel":1,"quark:black_shard":4,"minecraft:iron_pickaxe":1,"ecologics:crab_claw":1,"minecolonies:supplychestdeployer":1,"apotheosis:gem":13,"forbidden_arcanus:tentacle":1,"minecraft:composter":1,"minecraft:torch":9,"alexsmobs:fedora":1,"minecraft:porkchop":14,"majruszsaccessories:dream_catcher":1,"minecraft:stone_sword":3,"minecraft:rotten_flesh":34,"minecraft:carved_pumpkin":1,"supplementaries:ash":1,"endrem:rogue_eye":1,"minecraft:iron_bars":10,"minecraft:cobblestone":118,"minecraft:birch_log":16,"minecraft:magma_block":2,"woodworks:birch_chest":1,"minecraft:leather_chestplate":2,"minecraft:feather":4,"farmersdelight:rice":2,"dummmmmmy:target_dummy":1,"supplementaries:flax_seeds":4,"minecraft:wither_skeleton_skull":1,"minecraft:map":1,"minecraft:dirt":71,"minecraft:lantern":1,"aquamirae:fin":1,"minecraft:leather_boots":3,"minecraft:bone":21,"minecraft:stonecutter":4,"minecraft:wheat_seeds":35,"minecraft:grindstone":2,"minecraft:fletching_table":1,"minecraft:moss_block":6,"twigs:twig":10,"minecraft:oak_planks":27,"minecraft:cooked_porkchop":1,"vinery:white_grape":5,"minecraft:sand":13,"minecraft:diamond_block":2,"iter_rpg:stone_geode":1,"minecraft:ink_sac":8,"ars_nouveau:wilden_horn":2,"minecraft:mossy_cobblestone":9,"vinery:jungle_grapes_red":3,"minecraft:soul_lantern":1,"minecraft:lever":1,"minecraft:crossbow":1,"minecraft:bread":5,"minecraft:emerald":6,"minecraft:oak_sapling":19,"minecraft:cocoa_beans":6,"minecraft:charcoal":2,"minecraft:chicken":3,"minecraft:leather_leggings":4,"minecraft:shield":3,"minecraft:red_bed":2,"minecraft:moss_carpet":15,"minecraft:wooden_sword":2,"minecraft:netherite_scrap":1,"minecraft:item_frame":3,"minecraft:cracked_stone_bricks":52,"minecraft:oak_boat":1,"minecraft:spruce_slab":5,"minecraft:sugar_cane":2,"minecraft:egg":1,"easy_villagers:incubator":1,"minecraft:oak_door":1,"ecologics:coconut_slice":12,"minecraft:bowl":2,"sophisticatedbackpacks:backpack":1,"woodworks:oak_boards":1,"simplyswords:diamond_longsword":1,"minecraft:carrot":3,"minecraft:arrow":20,"minecraft:stone_shovel":1,"vinery:white_grape_seeds":2,"minecraft:hay_block":45,"minecraft:gold_ingot":5,"minecraft:mutton":11,"minecraft:white_wool":8,"minecraft:stripped_oak_log":1,"minecraft:basalt":1,"minecraft:jungle_fence":1,"twilightforest:ironwood_chestplate":1,"minecraft:birch_planks":12,"minecraft:lily_pad":4,"minecraft:oak_log":74,"minecraft:chainmail_chestplate":3,"minecraft:gunpowder":3,"minecraft:cobblestone_wall":10,"minecraft:cobblestone_stairs":1,"enemyexpansion:scorpion_tail":2,"byg:firecracker_flower_bush":1,"vinery:savanna_grapes_white":7,"minecraft:red_carpet":6,"minecraft:apple":5,"minecraft:stone_bricks":3,"minecraft:stone_pickaxe":1,"minecraft:iron_sword":1,"minecraft:book":4,"minecraft:emerald_block":5,"vinery:jungle_grapes_white":2,"minecraft:chiseled_stone_bricks":1,"twilightforest:triple_bow":1,"minecraft:stone_brick_slab":1,"waystones:mossy_waystone":1,"vinery:fermentation_barrel":1,"undead_unleashed:grave_metal_scrap":16,"minecraft:blast_furnace":2,"ars_nouveau:music_disc_thistle_the_sound_of_glass":1,"minecraft:spider_eye":1,"minecraft:leather_helmet":3,"minecraft:iron_helmet":1,"immersive_armors:wooden_chestplate":1,"minecraft:painting":2,"naturescompass:naturescompass":1,"minecraft:acacia_slab":1,"majruszsdifficulty:tattered_chestplate":1,"immersive_armors:wooden_boots":1,"minecraft:coal":59},"minecraft:broken":{"minecraft:stone_shovel":1,"aether:iron_gloves":1},"minecraft:mined":{"minecraft:cobblestone_stairs":1,"minecraft:jungle_leaves":8,"minecraft:grass_block":40,"ecologics:moss_layer":1,"minecraft:composter":1,"minecraft:chiseled_stone_bricks":1,"woodworks:birch_chest":1,"minecraft:magma_block":2,"farmersdelight:wild_rice":2,"minecraft:moss_carpet":13,"easy_villagers:breeder":1,"minecraft:anvil":2,"minecraft:fletching_table":1,"bakery:strawberry_jungle":1,"minecraft:iron_bars":8,"minecraft:oak_stairs":11,"minecraft:spruce_slab":1,"minecraft:tripwire":3,"vinery:jungle_grape_bush_red":1,"minecraft:red_bed":2,"supplementaries:book_pile":1,"ars_nouveau:light_block":1,"atmospheric:flowering_morado_leaves":1,"minecraft:blast_furnace":2,"vinery:red_grape_bush":6,"supplementaries:wild_flax":2,"byg:firecracker_flower_bush":1,"minecraft:cobblestone":20,"minecraft:oak_planks":27,"minecraft:grindstone":2,"minecraft:sugar_cane":1,"minecraft:wall_torch":8,"vinery:white_grape_bush":4,"minecraft:birch_log":16,"minecraft:wheat":5,"minecraft:tnt":2,"minecraft:grass":57,"minecraft:oak_log":74,"minecraft:sand":13,"minecraft:dirt":19,"atmospheric:passion_vine":1,"minecraft:stonecutter":4,"minecraft:oak_leaves":30,"minecraft:emerald_block":5,"minecraft:mossy_cobblestone":11,"minecraft:oak_door":1,"minecraft:acacia_slab":1,"minecraft:moss_block":7,"minecraft:hay_block":45,"woodworks:oak_boards":1,"minecraft:diamond_block":2,"minecraft:bookshelf":1,"minecraft:cobblestone_slab":1,"minecraft:vine":24,"minecraft:stripped_oak_log":1,"minecraft:stone":91,"byg:firecracker_leaves":1,"minecraft:smithing_table":1,"undead_unleashed:shaded_bricks":1,"minecraft:basalt":1,"minecraft:stone_brick_slab":1,"minecraft:oak_fence":1,"undead_unleashed:mossy_shaded_bricks":1,"minecraft:campfire":1,"minecraft:tall_grass":5,"minecraft:copper_ore":7,"delightful:wild_salmonberries":5,"minecraft:black_stained_glass":2,"easy_villagers:incubator":1,"minecraft:cobblestone_wall":1,"minecraft:birch_leaves":1,"minecraft:jungle_fence":2,"minecraft:coal_ore":59,"minecraft:cocoa":2,"minecraft:cobweb":2,"minecraft:cracked_stone_bricks":2,"minecraft:stone_bricks":3,"minecraft:fern":1},"minecraft:custom":{"enigmaticlegacy:play_time_with_seven_curses":0,"lootr:looted_stat":94,"minecraft:interact_with_crafting_table":45,"minecraft:open_barrel":15,"minecraft:leave_game":4,"minecraft:time_since_death":114774,"minecraft:damage_resisted":0,"minecraft:sprint_one_cm":794619,"minecraft:damage_blocked_by_shield":1323,"minecraft:drop":102,"minecraft:talked_to_villager":3,"minecraft:play_time":307801,"minecraft:deaths":3,"minecraft:jump":4695,"minecraft:walk_on_water_one_cm":21855,"minecraft:interact_with_furnace":32,"minecraft:interact_with_loom":1,"minecraft:sleep_in_bed":13,"minecraft:waystone_activated":2,"minecraft:damage_dealt":32414,"minecraft:crouch_one_cm":20715,"minecraft:interact_with_smoker":1,"minecraft:inspect_dispenser":8,"minecraft:interact_with_smithing_table":1,"minecraft:mob_kills":101,"minecraft:damage_dealt_resisted":336,"minecraft:climb_one_cm":31638,"minecraft:walk_one_cm":605242,"minecraft:sneak_time":8258,"minecraft:walk_under_water_one_cm":8156,"minecraft:boat_one_cm":1441,"minecraft:total_world_time":307801,"enigmaticlegacy:play_time_without_seven_curses":307733,"minecraft:pot_flower":1,"minecraft:time_since_rest":5979,"minecraft:damage_taken":5577,"minecraft:damage_absorbed":81,"minecraft:trigger_trapped_chest":3,"minecraft:swim_one_cm":56332,"minecraft:fly_one_cm":953849,"minecraft:open_chest":228,"minecraft:fall_one_cm":134628}},"DataVersion":3120}