{"stats":{"minecraft:picked_up":{"minecolonies:supplycampdeployer":2,"twilightforest:lich_trophy":1,"minecraft:iron_chestplate":1,"vinery:red_grape":7,"easy_villagers:breeder":1,"minecraft:chainmail_boots":5,"minecraft:anvil":4,"minecraft:prismarine_shard":4,"minecraft:smithing_table":1,"twilightforest:naga_trophy":1,"vinery:red_grape_seeds":37,"minecraft:oak_stairs":11,"minecraft:enchanted_book":36,"forbidden_arcanus:xpetrified_orb":5,"minecraft:music_disc_cat":2,"minecraft:string":149,"apotheosis:epic_material":1,"woodworks:oak_chest":4,"alexsmobs:emu_feather":5,"minecraft:gold_nugget":102,"minecraft:cobbled_deepslate":550,"bosses_of_mass_destruction:soul_star":1,"atmospheric:passion_vine":1,"celestisynth:lunar_stone":20,"undead_unleashed:grave_metal_sword":2,"minecraft:written_book":1,"minecraft:enchanted_golden_apple":3,"minecraft:melon_slice":31,"ecologics:crab_claw":3,"minecraft:composter":1,"forbidden_arcanus:aureal_bottle":2,"minecraft:acacia_log":15,"twilightforest:cracked_etched_nagastone":2,"alexsmobs:tendon_whip":1,"minecraft:cauldron":1,"minecraft:stone_sword":7,"ars_nouveau:worn_notebook":2,"forbidden_arcanus:splash_aureal_bottle":2,"farmersdelight:onion":6,"aether:chainmail_gloves":2,"minecraft:iron_block":1,"minecraft:carved_pumpkin":1,"farmersdelight:rope":42,"minecraft:glowstone":2,"supplementaries:ash":28,"endrem:rogue_eye":3,"minecraft:blaze_rod":1,"minecraft:iron_bars":14,"minecraft:birch_log":64,"majruszsaccessories:tool_scraps":1,"minecraft:magma_block":2,"woodworks:birch_chest":10,"minecraft:feather":16,"minecraft:cooked_beef":42,"farmersdelight:rice":6,"ars_nouveau:source_berry":5,"twilightforest:ironwood_pickaxe":1,"minecraft:brown_wool":3,"dummmmmmy:target_dummy":1,"minecraft:smoker":1,"minecraft:flint":1,"minecraft:map":3,"lootr:trophy":1,"minecraft:lantern":5,"aquamirae:fin":1,"twilightforest:canopy_sapling":5,"minecraft:stonecutter":5,"forbidden_arcanus:rune":2,"iter_rpg:water_fragment":2,"cisco_mod:amuletof_vitality":1,"apotheosis:mythic_material":1,"galosphere:raw_silver":42,"minecraft:moss_block":11,"patchouli:guide_book":7,"relics:hunter_belt":1,"twilightforest:canopy_slab":2,"ecologics:coconut_husk":6,"minecraft:ink_sac":18,"minecraft:acacia_stairs":1,"minecraft:fermented_spider_eye":2,"alexsmobs:animal_dictionary":2,"ars_nouveau:wilden_horn":13,"minecraft:iron_hoe":4,"minecraft:polished_andesite":5,"apotheosis:improved_scrap_tome":6,"immersive_armors:bone_boots":2,"constructionwand:stone_wand":2,"minecraft:lever":1,"minecraft:writable_book":1,"minecraft:granite":1,"minecraft:golden_horse_armor":1,"minecraft:bread":16,"twigs:rhyolite":1,"minecraft:diamond_pickaxe":2,"minecraft:crafting_table":2,"minecraft:leather_leggings":6,"minecraft:red_bed":2,"relics:leather_belt":3,"minecraft:netherite_scrap":4,"minecraft:iron_shovel":3,"minecraft:glass_pane":24,"supplementaries:bomb":2,"immersive_armors:slime_boots":1,"minecraft:cracked_stone_bricks":54,"iter_rpg:coin":3,"immersive_armors:wooden_leggings":3,"minecraft:iron_nugget":100,"minecraft:poppy":88,"minecraft:spruce_slab":10,"minecraft:birch_sapling":13,"globalxp:xp_block":1,"minecraft:egg":3,"blue_skies:bag_of_spoils":1,"minecraft:polished_deepslate_slab":2,"minecraft:stone":6,"minecraft:oak_door":1,"farmersdelight:minced_beef":5,"sophisticatedbackpacks:backpack":3,"farmersdelight:tomato_seeds":43,"woodworks:oak_boards":3,"origins:orb_of_origin":1,"structurize:sceptergold":2,"iter_rpg:very_good_and_cheerful_rapier":1,"minecraft:carrot":22,"simplyswords:diamond_longsword":2,"majruszsaccessories:adventurer_kit":1,"minecraft:redstone":155,"minecraft:prismarine_crystals":1,"immersive_armors:wooden_helmet":1,"minecraft:stone_shovel":1,"minecraft:beetroot_seeds":24,"ironfurnaces:gold_furnace":1,"minecraft:hay_block":101,"minecraft:cracked_deepslate_bricks":1,"minecraft:yellow_terracotta":1,"minecraft:gold_ingot":43,"twilightforest:magic_map_focus":2,"minecraft:mutton":17,"cisco_mod:champion_coin":7,"minecraft:white_wool":9,"minecraft:stripped_oak_log":1,"minecraft:jungle_fence":1,"majruszsdifficulty:tattered_helmet":2,"easy_villagers:farmer":1,"minecraft:oak_log":156,"minecraft:lily_pad":4,"twilightforest:knightmetal_boots":1,"minecraft:golden_boots":1,"enemyexpansion:scorpion_tail":6,"minecraft:paper":173,"majruszsdifficulty:tattered_leggings":4,"minecraft:apple":71,"minecraft:stone_bricks":3,"mowziesmobs:umvuthana_mask_rage":1,"minecraft:kelp":2,"minecraft:stone_pickaxe":4,"minecraft:cobweb":24,"ringsofascension:ring_experience":1,"minecraft:glass_bottle":2,"apotheosis:gem_dust":2,"minecraft:iron_sword":4,"vinery:jungle_grapes_white":2,"twilightforest:triple_bow":1,"minecraft:red_wool":1,"minecraft:gravel":9,"vinery:fermentation_barrel":3,"minecraft:spruce_sapling":23,"delightful:salmonberries":6,"minecraft:spruce_log":215,"minecraft:leather_helmet":5,"forbidden_arcanus:arcane_crystal":4,"minecraft:slime_ball":14,"minecraft:stone_axe":2,"oriacs:diving_helmet":1,"twilightforest:raven_feather":4,"minecraft:diamond_axe":1,"minecraft:painting":9,"naturescompass:naturescompass":3,"minecraft:oak_button":1,"minecraft:baked_potato":6,"twilightforest:spiral_bricks":1,"minecraft:melon_seeds":33,"immersive_armors:wooden_boots":2,"irons_spellbooks:scroll":7,"minecraft:wheat":127,"aether:iron_gloves":1,"minecraft:potion":4,"bakery:strawberry_seeds":1,"minecraft:stone_brick_stairs":7,"minecraft:lapis_block":1,"aquaculture:muskellunge":1,"minecraft:raw_copper":136,"oriacs:umbrella":1,"minecraft:smooth_stone_slab":4,"minecraft:iron_leggings":2,"minecraft:armor_stand":3,"minecraft:netherite_ingot":1,"minecraft:experience_bottle":1,"minecraft:zombie_head":1,"irons_spellbooks:arcane_essence":142,"delightful:acorn":48,"minecraft:bucket":2,"comforts:sleeping_bag_white":6,"twigs:pebble":3,"minecraft:rose_bush":1,"minecraft:cobblestone_slab":2,"minecraft:wooden_shovel":1,"quark:black_shard":4,"minecraft:iron_pickaxe":2,"irons_spellbooks:inscription_table":2,"farmersdelight:cabbage_seeds":56,"twilightforest:firefly_jar":1,"minecraft:furnace":3,"minecraft:tipped_arrow":25,"minecraft:stick":66,"minecolonies:supplychestdeployer":1,"apotheosis:gem":72,"minecraft:acacia_fence":1,"forbidden_arcanus:tentacle":2,"minecraft:torch":106,"alexsmobs:fedora":4,"minecraft:porkchop":37,"minecraft:diorite":25,"majruszsaccessories:dream_catcher":3,"mutantmonsters:hulk_hammer":1,"minecraft:rotten_flesh":139,"byg:embur_gel_ball":22,"ars_nouveau:whirlisprig_shards":2,"minecraft:obsidian":10,"minecraft:cod":1,"minecraft:cobblestone":3484,"irons_spellbooks:copper_spell_book":1,"ars_nouveau:drygmy_shard":1,"minecraft:enchanting_table":1,"forbidden_arcanus:stellarite_piece":3,"minecraft:leather_chestplate":6,"aquaculture:fish_bones":1,"minecraft:andesite":320,"twilightforest:fiery_helmet":1,"minecraft:potato":8,"minecraft:tuff":19,"supplementaries:flax_seeds":4,"minecraft:wither_skeleton_skull":4,"minecraft:lapis_lazuli":221,"minecraft:dirt":465,"constructionwand:iron_wand":1,"minecraft:name_tag":12,"minecraft:leather_boots":3,"minecraft:glass":40,"minecraft:bone":241,"minecraft:acacia_planks":1,"farmersdelight:iron_knife":1,"majruszsaccessories:miner_guide":3,"minecraft:bow":3,"ars_nouveau:source_gem":15,"minecraft:wheat_seeds":211,"easy_villagers:trader":1,"minecraft:raw_gold":26,"minecraft:grindstone":2,"minecraft:mossy_stone_bricks":1,"minecraft:fletching_table":1,"twigs:twig":130,"minecraft:oak_planks":27,"minecraft:stone_hoe":1,"ironfurnaces:iron_furnace":1,"minecraft:mossy_stone_brick_stairs":5,"iter_rpg:seashell":2,"minecraft:cooked_porkchop":2,"minecraft:music_disc_13":1,"iter_rpg:spider_silk":1,"vinery:white_grape":13,"minecraft:sand":21,"minecraft:melon":4,"minecraft:diamond_block":8,"iter_rpg:stone_geode":6,"minecraft:mossy_cobblestone":13,"twilightforest:mossy_etched_nagastone":2,"twilightforest:twilight_scepter":1,"vinery:jungle_grapes_red":7,"atmospheric:yucca_gateau":7,"twilightforest:twilight_oak_sapling":25,"minecraft:diamond":73,"minecraft:soul_lantern":1,"iter_rpg:abyssquartz_shard":10,"minecraft:crossbow":2,"minecraft:bone_meal":39,"relics:researching_table":2,"twilightforest:knightmetal_helmet":1,"minecraft:emerald":127,"twilightforest:arctic_fur":7,"minecraft:oak_sapling":149,"irons_spellbooks:uncommon_ink":2,"twilightforest:torchberries":13,"iter_rpg:spawner_fragment":7,"minecraft:charcoal":4,"majruszsdifficulty:tattered_boots":1,"minecraft:cocoa_beans":6,"byg:soapstone":19,"minecraft:chicken":6,"minecraft:ladder":3,"minecolonies:scroll_buff":16,"minecraft:turtle_helmet":5,"minecraft:brown_mushroom":2,"minecraft:cooked_rabbit":1,"minecraft:stone_brick_wall":1,"ars_nouveau:warp_scroll":1,"minecraft:gold_block":1,"twilightforest:nagastone":7,"minecraft:brick":4,"minecraft:shield":12,"ars_nouveau:amplify_arrow":81,"minecraft:moss_carpet":15,"minecraft:iron_axe":2,"minecraft:wooden_sword":5,"minecraft:item_frame":3,"easy_villagers:auto_trader":1,"simplyswords:iron_longsword":1,"twilightforest:nagastone_head":2,"minecraft:oak_boat":1,"minecraft:light_gray_wool":1,"minecraft:sugar_cane":39,"farmersdelight:golden_knife":4,"minecraft:phantom_membrane":28,"minecraft:raw_iron":55,"easy_villagers:incubator":1,"ecologics:coconut_slice":20,"minecraft:copper_ingot":1,"minecraft:bowl":5,"aquaculture:perch":3,"minecraft:trident":2,"byg:biomepedia":2,"minecraft:arrow":100,"minecraft:golden_hoe":1,"minecraft:pumpkin_pie":34,"majruszsaccessories:lucky_rock":2,"twilightforest:etched_nagastone":1,"vinery:white_grape_seeds":2,"minecraft:saddle":8,"minecraft:glistering_melon_slice":3,"forbidden_arcanus:spawner_scrap":8,"minecraft:basalt":1,"minecraft:glow_ink_sac":3,"minecraft:salmon":1,"minecraft:leather":14,"forbidden_arcanus:zombie_arm":1,"twilightforest:ironwood_chestplate":2,"minecraft:birch_planks":12,"minecraft:chainmail_chestplate":8,"woodworks:acacia_chest":2,"minecraft:gunpowder":84,"minecraft:cobblestone_wall":10,"minecraft:cobblestone_stairs":1,"vinery:savanna_grapes_white":12,"relics:midnight_robe":2,"byg:firecracker_flower_bush":1,"easy_villagers:converter":1,"minecraft:cooked_mutton":2,"irons_spellbooks:common_ink":4,"minecraft:red_carpet":8,"minecraft:gray_carpet":2,"iter_rpg:potsherd":8,"minecraft:iron_ingot":165,"minecraft:cooked_chicken":4,"ecologics:crab_meat":1,"minecraft:soul_sand":2,"minecraft:acacia_sapling":13,"minecraft:book":335,"bakery:strawberry":2,"atmospheric:golden_dragon_fruit":1,"minecraft:emerald_block":10,"minecraft:chiseled_stone_bricks":1,"minecraft:stone_brick_slab":2,"minecraft:dandelion":1,"waystones:mossy_waystone":1,"ars_nouveau:novice_spell_book":1,"minecraft:lava_bucket":1,"minecraft:amethyst_shard":19,"undead_unleashed:grave_metal_scrap":63,"minecraft:blast_furnace":2,"ars_nouveau:music_disc_thistle_the_sound_of_glass":2,"mcsa:dragonsbane_leggings":1,"minecraft:spider_eye":7,"ars_nouveau:wilden_spike":7,"immersive_armors:wooden_chestplate":5,"minecraft:chainmail_leggings":2,"minecraft:iron_helmet":7,"oriacs:landwalking_helmet":1,"minecraft:acacia_slab":6,"majruszsdifficulty:tattered_chestplate":2,"minecraft:coal":212},"minecraft:mined":{"minecraft:jungle_leaves":8,"minecraft:obsidian":9,"minecraft:acacia_log":12,"ecologics:moss_layer":1,"minecraft:chiseled_stone_bricks":1,"minecraft:spawner":11,"woodworks:birch_chest":10,"minecraft:magma_block":2,"minecraft:fire":5,"minecraft:moss_carpet":13,"easy_villagers:breeder":1,"minecraft:fletching_table":1,"minecraft:polished_deepslate_slab":3,"minecraft:oak_stairs":11,"minecraft:tripwire":3,"vinery:jungle_grape_bush_red":1,"minecraft:red_bed":2,"ars_nouveau:light_block":1,"minecraft:smoker":1,"atmospheric:flowering_morado_leaves":1,"ironfurnaces:iron_furnace":1,"minecraft:torch":1,"twilightforest:spiral_bricks":1,"minecraft:blast_furnace":2,"vinery:red_grape_bush":9,"galosphere:silver_ore":27,"easy_villagers:farmer":1,"minecraft:sugar_cane":1,"byg:soapstone":16,"minecraft:wheat":5,"celestisynth:lunar_stone":20,"minecraft:grass":551,"atmospheric:passion_vine":1,"twigs:rhyolite":1,"minecraft:stonecutter":5,"minecraft:deepslate":548,"minecraft:yellow_terracotta":1,"forbidden_arcanus:stella_arcanum":3,"minecraft:mossy_cobblestone":14,"minecraft:dark_oak_fence":1,"minecraft:moss_block":7,"twilightforest:etched_nagastone":1,"forbidden_arcanus:deepslate_arcane_crystal_ore":4,"woodworks:oak_boards":1,"minecraft:andesite":333,"minecraft:diamond_block":4,"twilightforest:twilight_oak_leaves":2,"minecraft:mossy_stone_brick_stairs":2,"iter_rpg:geodite":1,"minecraft:vine":24,"minecraft:cobblestone_slab":1,"fastpaintings:painting":5,"minecraft:smithing_table":1,"minecraft:birch_stairs":1,"twigs:pebble":1,"undead_unleashed:shaded_bricks":1,"minecraft:stone_brick_slab":1,"minecraft:dandelion":1,"galosphere:deepslate_silver_ore":15,"minecraft:emerald_ore":19,"undead_unleashed:mossy_shaded_bricks":1,"minecraft:campfire":1,"minecraft:tall_grass":8,"minecraft:copper_ore":21,"twilightforest:nagastone":5,"minecraft:cracked_deepslate_bricks":1,"minecraft:diorite":29,"minecraft:black_stained_glass":2,"easy_villagers:incubator":1,"minecraft:cobblestone_wall":1,"minecraft:spruce_log":3,"minecraft:birch_leaves":1,"minecraft:jungle_fence":2,"byg:embur_gel_block":6,"twilightforest:moss_patch":4,"minecraft:cobweb":6,"minecraft:acacia_planks":1,"minecraft:stone_bricks":3,"minecraft:gold_ore":6,"minecraft:fern":1,"minecraft:cobblestone_stairs":1,"minecraft:grass_block":358,"minecraft:composter":1,"ironfurnaces:gold_furnace":2,"farmersdelight:wild_rice":2,"minecraft:iron_ore":19,"minecraft:anvil":2,"bakery:strawberry_jungle":1,"minecraft:iron_bars":8,"minecraft:spruce_slab":1,"minecraft:deepslate_redstone_ore":11,"supplementaries:book_pile":1,"minecraft:poppy":2,"supplementaries:wild_flax":2,"byg:firecracker_flower_bush":2,"minecraft:cobblestone":58,"minecraft:grindstone":2,"minecraft:oak_planks":27,"vinery:white_grape_bush":4,"minecraft:wall_torch":12,"minecraft:lapis_block":1,"minecraft:birch_log":16,"minecraft:tnt":2,"minecraft:oak_log":81,"minecraft:sand":15,"minecraft:dirt":49,"minecraft:oak_leaves":30,"minecraft:emerald_block":10,"minecraft:red_carpet":1,"minecraft:tuff":21,"minecraft:deepslate_diamond_ore":7,"minecraft:oak_door":1,"minecraft:glow_lichen":1,"minecraft:spruce_leaves":4,"minecraft:acacia_slab":1,"iter_rpg:big_vase":6,"twilightforest:nagastone_head":1,"minecraft:hay_block":45,"minecraft:furnace":2,"minecraft:spruce_sapling":2,"iter_rpg:small_vase":3,"minecraft:acacia_stairs":1,"minecraft:gold_block":1,"woodworks:acacia_chest":2,"minecraft:bookshelf":105,"twilightforest:firefly_jar":1,"twilightforest:canopy_slab":2,"minecraft:stripped_oak_log":1,"minecraft:stone":3570,"sophisticatedbackpacks:backpack":1,"byg:firecracker_leaves":1,"minecraft:basalt":1,"relics:researching_table":1,"minecraft:oak_fence":1,"woodworks:oak_chest":4,"minecraft:lapis_ore":14,"delightful:wild_salmonberries":5,"twilightforest:mayapple":3,"supplementaries:urn":18,"minecraft:birch_planks":1,"forbidden_arcanus:xpetrified_ore":5,"iter_rpg:abyss_quartz":6,"minecraft:coal_ore":142,"iter_rpg:spider_egg":1,"minecraft:cocoa":2,"minecraft:gray_carpet":1,"minecraft:cracked_stone_bricks":2,"forbidden_arcanus:runic_deepslate":2},"minecraft:broken":{"aether:iron_gloves":2,"minecraft:iron_pickaxe":3,"minecraft:iron_shovel":1,"minecraft:stone_shovel":1},"minecraft:dropped":{"byg:biomepedia":1,"minecraft:iron_sword":1,"ars_nouveau:novice_spell_book":1,"minecraft:porkchop":5,"minecraft:glass_bottle":2,"minecraft:diamond":60,"minecraft:crafting_table":1,"constructionwand:stone_wand":3,"minecraft:cracked_stone_bricks":100,"minecraft:saddle":3,"undead_unleashed:grave_metal_scrap":14,"minecraft:leather_helmet":2,"minecraft:red_carpet":2,"minecraft:emerald":6,"minecraft:dirt":6,"constructionwand:iron_wand":2,"easy_villagers:auto_trader":1,"irons_spellbooks:arcane_essence":54,"minecraft:gold_nugget":19,"minecraft:wooden_sword":3,"minecraft:phantom_membrane":14,"minecraft:iron_pickaxe":1,"majruszsdifficulty:tattered_leggings":3,"minecraft:bone":2,"quark:black_shard":4,"minecraft:stone_axe":2,"minecraft:emerald_block":5,"minecraft:diamond_block":4,"minecraft:sugar_cane":7,"minecraft:cooked_chicken":2,"minecraft:iron_nugget":12,"ars_nouveau:whirlisprig_shards":1,"alexsmobs:animal_dictionary":1,"minecraft:wheat":36,"minecraft:obsidian":1,"endrem:rogue_eye":1,"minecraft:rotten_flesh":6,"immersive_armors:bone_boots":1,"irons_spellbooks:inscription_table":1,"supplementaries:flax_seeds":2,"atmospheric:golden_dragon_fruit":1,"forbidden_arcanus:zombie_arm":1,"easy_villagers:converter":1,"minecraft:charcoal":8,"apotheosis:gem":11,"minecraft:leather_boots":3,"minecraft:acacia_sapling":1,"minecraft:leather_leggings":2,"minecraft:spruce_slab":2,"globalxp:xp_block":1,"minecraft:glass":1,"minecraft:stone_brick_stairs":6,"oriacs:umbrella":1,"minecolonies:supplychestdeployer":1,"farmersdelight:tomato_seeds":5,"minecraft:egg":1,"alexsmobs:fedora":2,"minecraft:enchanted_book":7,"minecraft:golden_boots":1,"minecraft:iron_ingot":73,"twilightforest:canopy_slab":2,"minecraft:wheat_seeds":39,"twilightforest:canopy_sapling":1,"minecraft:feather":4,"minecraft:iron_helmet":3,"minecraft:cobblestone":6,"minecraft:prismarine_crystals":1,"minecraft:apple":19,"twilightforest:lich_trophy":1,"cisco_mod:adventurer_chestplate":1,"minecraft:coal":55,"minecraft:golden_apple":12,"minecraft:polished_andesite":2,"twilightforest:naga_trophy":3,"minecraft:lava_bucket":1,"minecraft:cobweb":3,"minecraft:golden_carrot":11,"minecraft:ink_sac":5,"minecraft:rose_bush":1,"delightful:acorn":21,"relics:researching_table":1,"minecraft:paper":43,"minecraft:chainmail_leggings":1,"minecraft:string":31,"minecraft:lily_pad":4,"minecraft:furnace":1,"minecraft:netherite_ingot":1,"ars_nouveau:source_berry":2,"minecraft:stone_sword":3,"minecraft:bowl":15,"minecraft:smooth_stone_slab":2,"majruszsaccessories:miner_guide":1,"minecraft:name_tag":5,"sophisticatedbackpacks:backpack":1,"undead_unleashed:grave_metal_sword":1,"minecraft:debug_stick":1,"vinery:white_grape":5,"minecraft:potato":4,"ars_nouveau:music_disc_thistle_the_sound_of_glass":1,"minecraft:diamond_pickaxe":2,"minecraft:carved_pumpkin":1,"minecraft:spider_eye":1,"vinery:red_grape":2,"ars_nouveau:amplify_arrow":54,"easy_villagers:trader":1,"apotheosis:gem_dust":1,"minecraft:moss_block":4,"minecraft:birch_planks":12,"minecraft:diamond_axe":1,"minecraft:oak_log":34,"minecolonies:supplycampdeployer":2,"woodworks:oak_boards":1,"vinery:fermentation_barrel":2,"minecraft:netherite_scrap":1,"immersive_armors:wooden_leggings":1,"majruszsdifficulty:tattered_boots":1,"farmersdelight:onion":3,"minecraft:birch_log":24,"twigs:twig":48,"minecraft:gold_ingot":9,"majruszsdifficulty:tattered_chestplate":1,"ars_nouveau:wilden_spike":2,"aether:leather_gloves":1,"majruszsaccessories:dream_catcher":2,"twilightforest:torchberries":4,"minecraft:chainmail_chestplate":3,"patchouli:guide_book":1,"minecraft:poppy":55,"minecraft:leather_chestplate":1,"minecraft:turtle_helmet":2,"minecraft:trident":2,"minecraft:gunpowder":10,"minecraft:stone_brick_wall":1,"minecraft:beetroot_seeds":4,"minecraft:glowstone":1,"minecraft:chainmail_boots":2,"comforts:sleeping_bag_white":1,"minecraft:iron_bars":7,"minecraft:arrow":2,"minecraft:written_book":1,"structurize:sceptergold":1,"minecraft:enchanting_table":1,"minecraft:bread":4,"minecraft:golden_helmet":2,"minecraft:prismarine_shard":2,"enemyexpansion:scorpion_tail":1,"ecologics:crab_claw":1,"minecraft:stick":58,"irons_spellbooks:scroll":1,"minecraft:iron_block":1,"farmersdelight:golden_knife":2,"cisco_mod:amuletof_vitality":1,"minecraft:diorite":1,"minecraft:torch":15,"minecraft:melon_slice":9,"minecraft:brown_wool":3,"minecraft:map":1,"minecraft:bucket":1,"minecraft:music_disc_cat":1,"vinery:jungle_grapes_red":2,"minecraft:redstone":22,"minecraft:anvil":1,"minecraft:tuff":1,"twilightforest:twilight_scepter":1,"simplyswords:diamond_longsword":2,"minecraft:iron_hoe":2,"minecraft:glass_pane":12,"minecraft:filled_map":1,"twilightforest:mossy_etched_nagastone":2,"minecraft:shield":5,"aether:iron_gloves":1,"aether:chainmail_gloves":1,"minecraft:iron_chestplate":1,"twilightforest:magic_map_focus":1,"minecraft:oak_sapling":62,"farmersdelight:minced_beef":5,"minecraft:golden_sword":1,"explorerscompass:explorerscompass":1,"minecraft:slime_ball":7,"minecraft:stone_pickaxe":4,"minecraft:wooden_pickaxe":1,"naturescompass:naturescompass":2},"minecraft:used":{"irons_spellbooks:inscription_table":1,"minecraft:moss_block":1,"minecraft:poppy":12,"minecraft:ladder":3,"minecraft:rotten_flesh":2,"vinery:savanna_grapes_white":2,"atmospheric:golden_dragon_fruit":1,"minecraft:lava_bucket":2,"easy_villagers:iron_farm":1,"simplyswords:iron_longsword":163,"twilightforest:nagastone":3,"ironfurnaces:iron_furnace":1,"minecraft:bow":28,"woodworks:sawmill":1,"mutantmonsters:hulk_hammer":1,"minecraft:furnace":4,"minecraft:oak_sapling":5,"woodworks:oak_boards":15,"minecraft:diorite":17,"minecraft:leather_leggings":1,"simplyswords:brimstone_claymore":513,"minecraft:wooden_pickaxe":6,"minecraft:leather_chestplate":1,"minecraft:composter":1,"bakery:sandwich":4,"minecraft:blast_furnace":2,"minecraft:oak_pressure_plate":2,"minecraft:soul_lantern":1,"minecraft:wooden_sword":7,"globalxp:xp_block":1,"minecraft:smithing_table":1,"atmospheric:yucca_gateau":12,"minecraft:oak_boat":3,"ironfurnaces:gold_furnace":3,"minecraft:iron_bars":1,"minecraft:enchanting_table":1,"minecraft:stone_sword":149,"minecraft:armor_stand":2,"minecraft:stick":1,"minecraft:torch":153,"minecraft:anvil":2,"simplyswords:diamond_longsword":557,"minecraft:iron_axe":179,"minecraft:basalt":1,"blue_skies:bag_of_spoils":1,"comforts:sleeping_bag_white":6,"minecraft:acacia_planks":1,"minecraft:water_bucket":32,"farmersdelight:golden_knife":3,"easy_villagers:farmer":1,"minecraft:fletching_table":1,"minecraft:cracked_stone_bricks":16,"minecraft:mossy_cobblestone":8,"delightful:salmonberries":2,"minecraft:crafting_table":6,"minecraft:oak_slab":6,"minecraft:red_bed":2,"minecraft:diamond_pickaxe":3936,"minecraft:iron_pickaxe":998,"twilightforest:firefly_jar":1,"minecraft:spruce_sapling":18,"fantasyfurniture:furniture_station":1,"minecraft:chiseled_stone_bricks":1,"minecraft:enchanted_book":1,"woodworks:acacia_chest":8,"minecraft:cobblestone":57,"minecraft:potion":1,"minecraft:cooked_porkchop":2,"structurize:sceptergold":5,"minecraft:moss_carpet":8,"minecraft:iron_shovel":475,"easy_villagers:breeder":1,"minecraft:shield":53,"minecraft:iron_sword":197,"minecraft:debug_stick":7,"minecraft:carrot":8,"minecraft:tuff":11,"minecraft:obsidian":10,"structurize:sceptersteel":5,"minecraft:stone_bricks":3,"minecraft:item_frame":1,"minecraft:red_carpet":6,"minecraft:written_book":1,"woodworks:birch_chest":22,"iter_rpg:insatiable_spawn_egg":1,"simplyswords:iron_spear":6,"dummmmmmy:target_dummy":2,"twilightforest:naga_trophy":1,"relics:researching_table":2,"minecraft:stone_pickaxe":100,"minecraft:oak_planks":61,"minecraft:diamond_axe":18,"minecraft:sugar_cane":4,"minecraft:yellow_terracotta":1,"farmersdelight:ratatouille":29,"minecraft:lever":1,"sophisticatedbackpacks:backpack":1,"easy_villagers:villager":7,"minecraft:bread":34,"vinery:savanna_grape_seeds_white":1,"minecraft:gravel":1,"ecologics:coconut_slice":6,"minecraft:grindstone":1,"minecraft:bone_meal":15,"minecraft:trident":5,"minecraft:flint_and_steel":1,"minecraft:cracked_deepslate_bricks":1,"minecraft:stone_shovel":13,"woodworks:oak_chest":8,"minecraft:cooked_chicken":5,"minecraft:oak_door":2,"minecraft:dirt":393,"minecraft:hopper":3,"minecraft:cobblestone_wall":1,"minecraft:stone_brick_slab":1,"minecraft:bookshelf":10,"aquaculture:iron_fishing_rod":8,"minecraft:oak_stairs":50,"easy_villagers:incubator":1,"minecraft:cooked_beef":4,"forbidden_arcanus:zombie_arm":3,"minecraft:cooked_mutton":2,"minecraft:cobblestone_stairs":1,"minecraft:stonecutter":4,"minecraft:cobblestone_slab":2,"minecraft:painting":2,"minecolonies:supplychestdeployer":1,"minecraft:smoker":1,"farmersdelight:bacon_and_eggs":16,"minecraft:acacia_stairs":1,"minecraft:apple":6,"waystones:mossy_waystone":2,"minecraft:map":1,"minecraft:stone_slab":6,"byg:soapstone":11,"minecraft:stone_axe":171,"minecraft:bucket":57,"alexsmobs:animal_dictionary":8,"minecraft:gray_wool":1},"minecraft:crafted":{"fantasyfurniture:furniture_station":1,"globalxp:xp_block":1,"minecraft:oak_pressure_plate":2,"minecraft:birch_slab":6,"minecraft:cracked_stone_bricks":4,"minecraft:glass":6,"minecraft:deepslate":0,"minecraft:emerald":32,"minecraft:diamond_axe":1,"minecraft:copper_ingot":38,"cisco_mod:adventurer_chestplate":2,"minecraft:stone_slab":6,"minecraft:iron_pickaxe":7,"comforts:sleeping_bag_white":2,"minecraft:bone_meal":15,"minecraft:diamond":36,"ars_nouveau:novice_spell_book":1,"minecraft:stone_pickaxe":2,"woodworks:birch_chest":9,"bakery:sandwich":4,"minecraft:enchanting_table":1,"sophisticatedbackpacks:gold_backpack":1,"minecraft:oak_stairs":16,"minecraft:oak_planks":180,"minecraft:stone":8,"minecraft:bow":1,"minecraft:stone_bricks":4,"minecraft:oak_slab":6,"minecraft:crafting_table":5,"minecraft:spruce_planks":604,"minecraft:wooden_pickaxe":1,"minecraft:birch_planks":116,"minecraft:diamond_pickaxe":3,"minecraft:shield":1,"sophisticatedbackpacks:diamond_backpack":1,"minecraft:stick":138,"minecraft:iron_ingot":42,"woodworks:acacia_chest":6,"minecraft:furnace":3,"minecraft:glass_pane":16,"woodworks:oak_boards":15,"minecraft:stone_axe":2,"minecraft:air":0,"woodworks:oak_chest":2,"minecraft:oak_boat":2,"minecraft:acacia_planks":48,"minecraft:torch":32},"minecraft:killed_by":{"minecraft:vindicator":1,"minecraft:zombie":1,"iter_rpg:insatiable":13,"minecraft:player":3,"bosses_of_mass_destruction:void_blossom":15,"minecraft:skeleton":1},"minecraft:custom":{"minecraft:interact_with_crafting_table":87,"minecraft:open_barrel":15,"goblintraders:trade_with_goblin":37,"minecraft:eat_cake_slice":58,"minecraft:leave_game":13,"minecraft:time_since_death":88875,"minecraft:damage_blocked_by_shield":1413,"minecraft:play_time":942138,"minecraft:deaths":36,"minecraft:jump":10878,"minecraft:interact_with_furnace":106,"minecraft:traded_with_villager":32,"minecraft:sleep_in_bed":34,"minecraft:waystone_activated":5,"minecraft:damage_dealt":116705,"minecraft:interact_with_smoker":9,"minecraft:inspect_dispenser":8,"minecraft:interact_with_smithing_table":4,"minecraft:interact_with_anvil":4,"minecraft:inspect_hopper":20,"twilightforest:keeping_charms_activated":1,"minecraft:damage_dealt_absorbed":80,"minecraft:sneak_time":53843,"minecraft:interact_with_blast_furnace":6,"minecraft:total_world_time":942138,"enigmaticlegacy:play_time_without_seven_curses":940968,"minecraft:interact_with_stonecutter":6,"minecraft:time_since_rest":46078,"minecraft:swim_one_cm":139798,"minecraft:fly_one_cm":2278747,"minecraft:open_chest":942,"minecraft:fish_caught":6,"minecraft:fall_one_cm":315856,"enigmaticlegacy:play_time_with_seven_curses":0,"lootr:looted_stat":150,"minecraft:damage_resisted":0,"minecraft:sprint_one_cm":1787872,"minecraft:drop":329,"minecraft:talked_to_villager":17,"minecraft:walk_on_water_one_cm":79977,"minecraft:interact_with_loom":1,"minecraft:player_kills":1,"minecraft:crouch_one_cm":263636,"minecraft:open_bag_of_spoils":4,"minecraft:mob_kills":267,"minecraft:damage_dealt_resisted":1070,"minecraft:climb_one_cm":53068,"minecraft:walk_one_cm":1496564,"minecraft:walk_under_water_one_cm":33368,"minecraft:boat_one_cm":1441,"minecraft:pot_flower":1,"minecraft:damage_taken":38304,"minecraft:damage_absorbed":162,"minecraft:trigger_trapped_chest":3},"minecraft:killed":{"twilightforest:boar":1,"minecraft:cave_spider":3,"enemyexpansion:equestrian":3,"minecraft:skeleton":27,"minecraft:chicken":2,"ecologics:coconut_crab":1,"alexsmobs:centipede_head":1,"enemyexpansion:vampflyer":3,"minecraft:pillager":7,"enemyexpansion:meature":3,"minecraft:zombie":55,"enemyexpansion:vampire":1,"alexsmobs:maned_wolf":1,"enemyexpansion:botfly":6,"whisperwoods:moth":1,"twilightforest:winter_wolf":1,"minecraft:vindicator":4,"twilightforest:dwarf_rabbit":1,"enemyexpansion:goblin_fear":2,"twilightforest:death_tome":2,"goblintraders:goblin_trader":1,"enemyexpansion:scorpion":2,"iter_rpg:water_elemental":1,"minecraft:husk":2,"twilightforest:kobold":2,"enemyexpansion:sprinter":1,"majruszsdifficulty:cursed_armor":16,"iter_rpg:blob":3,"whisperwoods:zotzpyre":2,"iter_rpg:giant_spider":1,"twilightforest:bighorn_sheep":2,"minecraft:spider":7,"minecraft:bee":2,"minecraft:pig":11,"alexsmobs:grizzly_bear":1,"iter_rpg:spiderling":7,"twilightforest:raven":1,"irons_spellbooks:necromancer":1,"minecraft:creeper":8,"twilightforest:skeleton_druid":7,"minecraft:sheep":6,"undead_unleashed:shadewraith":1,"iter_rpg:bloated":8,"undead_unleashed:haunter":6,"mowziesmobs:umvuthana_raptor":1,"minecraft:blaze":1,"savage_and_ravage:skeleton_villager":1,"enemyexpansion:intruder":1,"enemyexpansion:direwolf":3,"iter_rpg:insatiable":1,"twilightforest:naga":3,"minecraft:drowned":5,"aquamirae:maw":1,"takesapillage:skirmisher":1,"enemyexpansion:troll":1,"mowziesmobs:umvuthana_follower_raptor":3,"enemyexpansion:crawler":1,"alexsmobs:cockroach":1,"iter_rpg:scallop":2,"ars_nouveau:wilden_hunter":1,"mutantmonsters:mutant_zombie":1,"twilightforest:yeti":3,"enemyexpansion:slugger":2}},"DataVersion":3120}