{"stats":{"minecraft:picked_up":{"minecolonies:supplycampdeployer":1,"irons_spellbooks:scroll":1,"twilightforest:lich_trophy":1,"undead_unleashed:cursed_cloth":2,"twilightforest:naga_trophy":3,"aether:iron_gloves":3,"minecraft:potion":1,"bakery:strawberry_seeds":1,"minecraft:golden_sword":2,"forbidden_arcanus:xpetrified_orb":4,"minecraft:string":17,"minecraft:raw_copper":25,"oriacs:umbrella":3,"minecraft:netherite_ingot":1,"minecraft:experience_bottle":3,"woodworks:oak_chest":3,"irons_spellbooks:arcane_essence":2,"alexsmobs:emu_feather":5,"twigs:pebble":57,"minecraft:gold_nugget":3,"minecraft:cobbled_deepslate":219,"bosses_of_mass_destruction:soul_star":1,"minecraft:spruce_planks":8,"comforts:sleeping_bag_white":1,"delightful:acorn":18,"undead_unleashed:grave_metal_sword":4,"minecraft:azalea":7,"irons_spellbooks:inscription_table":1,"farmersdelight:ratatouille":16,"woodworks:spruce_bookshelf":8,"farmersdelight:cabbage_seeds":56,"minecraft:furnace":1,"minecraft:golden_helmet":2,"minecraft:stick":85,"minecolonies:supplychestdeployer":1,"apotheosis:gem":12,"explorerscompass:explorerscompass":1,"minecraft:composter":1,"forbidden_arcanus:tentacle":1,"minecraft:torch":25,"minecraft:acacia_log":69,"twilightforest:cracked_etched_nagastone":2,"minecraft:porkchop":7,"easy_villagers:iron_farm":1,"enemyexpansion:meathead_helmet":1,"minecraft:cauldron":2,"majruszsaccessories:dream_catcher":1,"minecraft:stone_sword":3,"minecraft:rotten_flesh":122,"ecologics:coconut_log":1,"minecraft:iron_block":2,"minecraft:bookshelf":25,"supplementaries:ash":4,"endrem:rogue_eye":1,"minecraft:obsidian":1,"minecraft:iron_bars":4,"minecraft:cobblestone":291,"minecraft:birch_log":24,"minecraft:enchanting_table":3,"woodworks:birch_chest":2,"minecraft:leather_chestplate":1,"minecraft:feather":3,"minecraft:potato":135,"minecraft:flint":13,"supplementaries:flax_seeds":2,"minecraft:wither_skeleton_skull":1,"minecraft:lapis_lazuli":75,"minecraft:dirt":61,"constructionwand:iron_wand":1,"undead_unleashed:shaded_bricks":1,"twilightforest:canopy_sapling":1,"minecraft:leather_boots":2,"minecraft:bone":46,"majruszsaccessories:miner_guide":1,"minecraft:bow":3,"minecraft:wheat_seeds":11,"easy_villagers:trader":1,"minecraft:cobbled_deepslate_slab":13,"forbidden_arcanus:rune":1,"twigs:twig":55,"cisco_mod:amuletof_vitality":1,"minecraft:fletching_table":2,"apotheosis:mythic_material":1,"galosphere:raw_silver":1,"minecraft:moss_block":1,"ironfurnaces:iron_furnace":1,"minecraft:oak_planks":22,"minecraft:mossy_stone_brick_stairs":2,"patchouli:guide_book":1,"relics:hunter_belt":3,"minecraft:poisonous_potato":3,"minecraft:sand":38,"minecraft:ink_sac":4,"ars_nouveau:wilden_horn":3,"minecraft:barrel":2,"woodworks:acacia_bookshelf":17,"twilightforest:twilight_scepter":1,"minecraft:diamond":50,"constructionwand:stone_wand":1,"iter_rpg:abyssquartz_shard":1,"minecraft:granite":1,"undead_unleashed:mossy_shaded_bricks":1,"minecraft:golden_apple":12,"minecraft:emerald":5,"minecraft:oak_sapling":82,"iter_rpg:spawner_fragment":2,"minecraft:charcoal":10,"minecraft:crafting_table":2,"byg:soapstone":3,"minecraft:ladder":1,"minecraft:leather_leggings":1,"minecraft:brown_mushroom":8,"twilightforest:nagastone":1,"minecraft:red_bed":1,"minecraft:moss_carpet":23,"forbidden_arcanus:thin_cherry_log":9,"skilltree:wisdom_scroll":1,"minecraft:wooden_sword":2,"minecraft:netherite_scrap":3,"cisco_mod:adventurer_chestplate":1,"easy_villagers:auto_trader":2,"minecraft:oak_boat":1,"minecraft:lectern":2,"minecraft:sugar_cane":26,"minecraft:birch_sapling":14,"globalxp:xp_block":2,"minecraft:spruce_trapdoor":3,"ecologics:coconut_slice":12,"sophisticatedbackpacks:backpack":1,"aquaculture:perch":3,"farmersdelight:tomato_seeds":50,"minecraft:trident":1,"minecraft:carrot":1,"minecraft:iron_horse_armor":1,"ars_nouveau:music_disc_firel_the_wild_hunt":1,"minecraft:arrow":27,"minecraft:stone_shovel":1,"majruszsaccessories:lucky_rock":1,"ironfurnaces:gold_furnace":1,"twilightforest:etched_nagastone":1,"minecraft:hay_block":24,"minecraft:saddle":1,"twilightforest:magic_map_focus":1,"minecraft:glow_berries":2,"minecraft:mutton":7,"forbidden_arcanus:spawner_scrap":4,"minecraft:rail":8,"minecraft:stripped_oak_log":3,"minecraft:golden_carrot":11,"minecraft:glow_ink_sac":3,"forbidden_arcanus:zombie_arm":2,"alexsmobs:acacia_blossom":2,"minecraft:filled_map":1,"easy_villagers:farmer":1,"minecraft:oak_log":207,"minecraft:golden_boots":1,"minecraft:gunpowder":48,"minecraft:cobblestone_wall":17,"enemyexpansion:scorpion_tail":2,"minecraft:paper":43,"easy_villagers:converter":1,"minecraft:apple":8,"minecraft:stone_pickaxe":1,"minecraft:iron_ingot":10,"minecraft:oak_fence_gate":1,"undead_unleashed:grave_metal_boots":1,"apotheosis:gem_dust":1,"minecraft:acacia_sapling":7,"minecraft:flowering_azalea":3,"minecraft:soul_sand":4,"minecraft:book":446,"bakery:strawberry":2,"endrem:witch_pupil":1,"atmospheric:golden_dragon_fruit":1,"minecraft:emerald_block":5,"vinery:jungle_grapes_white":2,"minecraft:stone_brick_slab":1,"ars_nouveau:novice_spell_book":1,"vinery:fermentation_barrel":1,"minecraft:gravel":106,"minecraft:lava_bucket":1,"minecraft:spruce_sapling":4,"minecraft:spruce_log":125,"undead_unleashed:grave_metal_scrap":33,"delightful:salmonberries":8,"minecraft:white_bed":1,"minecraft:spider_eye":5,"farmersdelight:bacon_and_eggs":16,"minecraft:leather_helmet":3,"forbidden_arcanus:arcane_crystal":3,"minecraft:dried_kelp_block":4,"minecraft:stone_axe":1,"immersive_armors:wooden_chestplate":1,"minecraft:iron_helmet":1,"minecraft:diamond_axe":1,"minecraft:mossy_cobblestone_stairs":1,"undead_unleashed:grave_metal_axe":2,"naturescompass:naturescompass":1,"minecraft:melon_seeds":3,"majruszsdifficulty:tattered_chestplate":1,"minecraft:coal":67},"minecraft:mined":{"minecraft:spruce_planks":3,"minecraft:white_bed":1,"alexsmobs:leafcutter_anthill":1,"minecraft:cave_vines_plant":3,"minecraft:acacia_log":42,"minecraft:grass_block":14,"minecraft:composter":1,"minecraft:spawner":4,"woodworks:birch_chest":2,"minecraft:mossy_cobblestone_stairs":1,"ironfurnaces:gold_furnace":2,"minecraft:cobbled_deepslate":17,"minecraft:fire":9,"minecraft:fletching_table":2,"minecraft:deepslate_lapis_ore":5,"minecraft:enchanting_table":2,"minecraft:water_cauldron":1,"minecraft:iron_bars":1,"minecraft:azalea":1,"minecraft:brown_mushroom":7,"minecraft:red_bed":1,"minecraft:soul_fire":1,"minecraft:torch":3,"ars_nouveau:stripped_green_archwood_log":2,"undead_unleashed:grave_soil":2,"galosphere:silver_ore":1,"easy_villagers:farmer":1,"minecraft:cobblestone":4,"minecraft:sugar_cane":8,"minecraft:wall_torch":6,"minecraft:cauldron":1,"minecraft:birch_log":24,"minecraft:smooth_stone_slab":1,"minecraft:grass":38,"minecraft:oak_log":175,"minecraft:oak_fence_gate":1,"minecraft:sand":38,"minecraft:dirt":60,"minecraft:oak_leaves":63,"minecraft:deepslate":179,"minecraft:red_carpet":6,"minecraft:ladder":1,"minecraft:cobbled_deepslate_slab":16,"woodworks:acacia_bookshelf":2,"ecologics:coconut_log":1,"minecraft:moss_block":6,"minecraft:hay_block":24,"easy_villagers:iron_farm":1,"forbidden_arcanus:deepslate_arcane_crystal_ore":3,"bosses_of_mass_destruction:void_blossom":8,"iter_rpg:small_vase":1,"minecraft:bookshelf":82,"minecraft:vine":5,"minecraft:stripped_oak_log":3,"minecraft:stone":273,"fastpaintings:painting":4,"minecraft:acacia_leaves":10,"lootr:lootr_barrel":10,"minecraft:soul_sand":6,"minecraft:crafting_table":1,"minecraft:lectern":2,"minecraft:campfire":1,"twilightforest:nagastone":1,"woodworks:oak_chest":3,"minecraft:copper_ore":8,"minecraft:tall_grass":19,"minecraft:dried_kelp_block":4,"minecraft:lapis_ore":5,"delightful:wild_salmonberries":8,"supplementaries:urn":2,"minecraft:coarse_dirt":1,"minecraft:cobblestone_wall":5,"forbidden_arcanus:xpetrified_ore":4,"iter_rpg:abyss_quartz":1,"minecraft:spruce_log":5,"globalxp:xp_block":1,"minecraft:birch_leaves":1,"minecraft:coal_ore":7,"minecraft:gravel":112,"easy_villagers:auto_trader":1,"forbidden_arcanus:runic_deepslate":1},"minecraft:broken":{"minecraft:stone_pickaxe":1,"minecraft:stone_axe":2,"aether:iron_gloves":1,"minecraft:shield":1},"minecraft:used":{"easy_villagers:breeder":1,"minecraft:shield":52,"minecraft:iron_sword":184,"minecraft:stone":14,"woodworks:acacia_bookshelf":10,"minecraft:milk_bucket":1,"minecraft:lava_bucket":6,"minecraft:birch_sapling":1,"easy_villagers:iron_farm":1,"minecraft:bow":2,"minecraft:hay_block":1,"woodworks:birch_chest":2,"twilightforest:naga_trophy":2,"minecraft:stone_pickaxe":268,"minecraft:oak_planks":8,"minecraft:composter":5,"minecraft:sugar_cane":7,"minecraft:diamond_axe":332,"minecraft:golden_apple":30,"minecraft:glow_berries":1,"easy_villagers:villager":40,"minecraft:lectern":2,"minecraft:gravel":98,"minecraft:wooden_sword":6,"globalxp:xp_block":1,"minecraft:grindstone":1,"forbidden_arcanus:splash_aureal_bottle":2,"minecraft:oak_boat":1,"minecraft:experience_bottle":2,"minecraft:azalea":4,"minecraft:trident":1,"ironfurnaces:gold_furnace":2,"minecraft:enchanting_table":2,"minecraft:stone_sword":200,"minecraft:acacia_log":5,"minecraft:flint_and_steel":8,"minecraft:stone_shovel":119,"woodworks:oak_chest":13,"minecraft:spruce_planks":1,"minecraft:torch":86,"minecraft:dirt":27,"minecraft:cobblestone_wall":82,"minecraft:oak_fence_gate":1,"minecraft:flowering_azalea":1,"minecraft:iron_axe":119,"easy_villagers:auto_trader":2,"minecraft:golden_carrot":42,"easy_villagers:incubator":1,"minecraft:cobbled_deepslate":46,"minecraft:water_bucket":40,"easy_villagers:farmer":13,"minecraft:cauldron":2,"minecraft:fletching_table":8,"minecraft:crafting_table":2,"minecraft:campfire":1,"minecraft:white_bed":1,"minecraft:cake":4,"minecraft:oak_log":8,"minecraft:diamond_pickaxe":1,"minecraft:iron_pickaxe":302,"forbidden_arcanus:aureal_bottle":1,"minecraft:spruce_sapling":4,"minecraft:stone_axe":289,"woodworks:acacia_chest":2,"minecraft:cobblestone":118,"minecraft:cobbled_deepslate_slab":204,"minecraft:bucket":61,"minecraft:splash_potion":2,"structurize:sceptergold":1},"minecraft:dropped":{"twilightforest:nagastone":1,"farmersdelight:iron_knife":1,"ars_nouveau:novice_spell_book":1,"minecraft:candle":3,"minecraft:moss_block":1,"minecraft:porkchop":9,"minecraft:diamond_axe":1,"ecologics:crab_meat":1,"minecraft:glow_ink_sac":6,"minecraft:glass_bottle":1,"minecraft:diamond":41,"ecologics:coconut_slice":20,"minecolonies:supplycampdeployer":1,"minecraft:crafting_table":2,"minecraft:cooked_porkchop":1,"minecraft:glow_berries":1,"bakery:strawberry":4,"vinery:white_grape_seeds":2,"majruszsdifficulty:tattered_helmet":1,"constructionwand:stone_wand":1,"minecraft:mossy_stone_brick_stairs":4,"minecraft:cracked_stone_bricks":2,"woodworks:oak_boards":1,"undead_unleashed:grave_metal_scrap":3,"minecraft:leather_helmet":1,"ringsofascension:ring_speed":1,"minecraft:rail":16,"vinery:fermentation_barrel":1,"minecraft:birch_slab":4,"farmersdelight:rice":2,"minecraft:emerald":1,"twigs:pebble":58,"minecraft:dirt":35,"atmospheric:yucca_gateau":7,"immersive_armors:wooden_leggings":2,"minecraft:mutton":14,"easy_villagers:auto_trader":1,"farmersdelight:onion":3,"minecraft:gold_nugget":11,"alexsmobs:emu_feather":5,"minecraft:wooden_sword":4,"twilightforest:cracked_etched_nagastone":4,"minecraft:glistering_melon_slice":3,"immersive_armors:wooden_chestplate":4,"majruszsdifficulty:tattered_leggings":1,"minecraft:birch_log":3,"twigs:twig":15,"ars_nouveau:source_gem":15,"minecraft:gold_ingot":5,"minecraft:bone":93,"vinery:red_grape_seeds":10,"minecraft:gravel":16,"majruszsdifficulty:tattered_chestplate":1,"woodworks:acacia_bookshelf":17,"minecraft:stone_axe":2,"apotheosis:mythic_material":1,"minecraft:iron_nugget":45,"minecraft:cobbled_deepslate":42,"aquaculture:perch":6,"minecraft:wheat":9,"immersive_armors:wooden_boots":2,"minecraft:obsidian":1,"endrem:rogue_eye":1,"minecraft:rotten_flesh":152,"minecraft:oak_planks":13,"iter_rpg:spawner_fragment":1,"irons_spellbooks:inscription_table":2,"minecraft:carrot":12,"minecraft:salmon":1,"undead_unleashed:mossy_shaded_bricks":1,"minecraft:poppy":68,"minecraft:leather_chestplate":1,"supplementaries:flax_seeds":4,"supplementaries:ash":5,"atmospheric:golden_dragon_fruit":1,"minecraft:trident":1,"forbidden_arcanus:zombie_arm":2,"minecraft:gunpowder":17,"undead_unleashed:grave_metal_axe":2,"easy_villagers:converter":1,"minecraft:spruce_wood":2,"minecraft:azalea":3,"minecraft:melon_seeds":9,"oriacs:landwalking_helmet":1,"minecraft:chainmail_boots":1,"minecraft:acacia_slab":4,"apotheosis:gem":3,"minecraft:leather_boots":1,"minecraft:acacia_sapling":10,"farmersdelight:bacon_and_eggs":16,"minecraft:leather_leggings":1,"minecraft:spruce_slab":5,"globalxp:xp_block":1,"minecraft:iron_bars":6,"minecraft:arrow":17,"farmersdelight:ratatouille":32,"oriacs:umbrella":3,"minecraft:acacia_fence":1,"minecraft:enchanting_table":1,"minecraft:lectern":49,"minecolonies:supplychestdeployer":1,"farmersdelight:tomato_seeds":113,"minecraft:enchanted_book":1,"minecraft:egg":1,"minecraft:water_bucket":1,"minecraft:golden_boots":1,"minecraft:bread":1,"minecraft:oak_slab":1,"woodworks:spruce_bookshelf":9,"minecraft:wheat_seeds":35,"twilightforest:canopy_sapling":1,"minecraft:golden_horse_armor":1,"minecraft:bookshelf":25,"minecraft:poisonous_potato":37,"minecraft:feather":10,"forbidden_arcanus:tentacle":2,"minecraft:cobblestone":54,"minecraft:iron_helmet":1,"enemyexpansion:scorpion_tail":4,"minecraft:apple":3,"twilightforest:lich_trophy":1,"minecraft:granite":2,"ecologics:crab_claw":1,"immersive_armors:robe_chestplate":1,"twilightforest:etched_nagastone":2,"undead_unleashed:shaded_bricks":1,"minecraft:coal":11,"minecraft:polished_andesite":3,"minecraft:stick":82,"twilightforest:naga_trophy":1,"minecraft:iron_block":1,"aquaculture:muskellunge":1,"cisco_mod:amuletof_vitality":1,"minecraft:ink_sac":7,"bakery:strawberry_seeds":2,"minecraft:leather_horse_armor":1,"byg:soapstone":6,"minecraft:melon_slice":5,"forbidden_arcanus:spawner_scrap":1,"minecraft:potion":1,"minecraft:iron_leggings":1,"delightful:acorn":2,"irons_spellbooks:common_ink":1,"minecraft:flowering_azalea":2,"minecraft:iron_axe":1,"minecraft:mossy_cobblestone_stairs":1,"minecraft:iron_shovel":1,"minecraft:string":12,"minecraft:acacia_planks":1,"minecraft:gray_carpet":1,"vinery:jungle_grapes_red":1,"minecraft:stone_brick_slab":2,"minecraft:polished_deepslate":4,"minecraft:moss_carpet":23,"irons_spellbooks:copper_spell_book":1,"alexsmobs:acacia_blossom":2,"minecraft:netherite_ingot":1,"ars_nouveau:source_berry":3,"minecraft:stone_sword":3,"minecraft:cobblestone_wall":25,"minecraft:raw_copper":16,"minecraft:cocoa_beans":12,"minecraft:bowl":6,"minecraft:stone_shovel":4,"minecraft:raw_iron":1,"farmersdelight:cabbage_seeds":143,"minecraft:chicken":3,"vinery:jungle_grapes_white":4,"majruszsaccessories:miner_guide":1,"twilightforest:twilight_scepter":1,"minecraft:light_gray_wool":1,"ironfurnaces:iron_furnace":2,"minecraft:iron_hoe":1,"minecraft:cobbled_deepslate_slab":1,"sophisticatedbackpacks:backpack":1,"undead_unleashed:grave_metal_sword":2,"undead_unleashed:grave_metal_boots":1,"forbidden_arcanus:lens_of_veritatis":1,"minecraft:filled_map":1,"minecraft:potato":145,"minecraft:shield":4,"minecraft:oak_button":1,"aether:iron_gloves":2,"minecraft:spruce_trapdoor":3,"minecraft:spruce_planks":4,"oriacs:diving_helmet":1,"twilightforest:magic_map_focus":1,"minecraft:mossy_stone_bricks":1,"minecraft:oak_boat":1,"minecraft:oak_sapling":27,"farmersdelight:minced_beef":5,"minecraft:golden_sword":2,"simplyswords:iron_longsword":1,"minecraft:spider_eye":5,"minecraft:barrel":2,"forbidden_arcanus:cherry_slab":36,"minecraft:bow":4,"minecraft:stone_pickaxe":3,"minecraft:magma_block":2,"minecraft:cooked_rabbit":1,"easy_villagers:trader":1,"immersive_armors:wooden_helmet":1,"minecraft:brick":4,"naturescompass:naturescompass":1},"minecraft:crafted":{"minecraft:oak_planks":1968,"ironfurnaces:iron_furnace":1,"minecraft:stone":16,"minecraft:bookshelf":25,"woodworks:spruce_bookshelf":8,"atmospheric:yucca_gateau":7,"minecraft:glass":73,"minecraft:cake":7,"minecraft:bow":4,"woodworks:acacia_bookshelf":18,"minecraft:oak_slab":36,"minecraft:emerald":349,"minecraft:cauldron":1,"minecraft:diamond_axe":3,"minecraft:crafting_table":2,"minecraft:spruce_planks":248,"minecraft:acacia_slab":18,"oriacs:diving_helmet":1,"minecraft:copper_ingot":10,"minecraft:fletching_table":6,"minecraft:hay_block":1,"minecraft:birch_planks":12,"minecraft:lectern":49,"minecraft:stick":3632,"minecraft:iron_pickaxe":3,"minecraft:composter":5,"woodworks:acacia_chest":1,"minecraft:golden_carrot":36,"minecraft:cobbled_deepslate_slab":198,"ecologics:coconut_planks":4,"easy_villagers:auto_trader":1,"minecraft:glass_pane":64,"minecraft:iron_axe":1,"minecraft:spruce_wood":3,"minecraft:spruce_slab":186,"minecraft:stone_pickaxe":2,"minecraft:cobblestone_wall":66,"minecraft:wheat":99,"easy_villagers:farmer":9,"forbidden_arcanus:cherry_slab":36,"minecraft:stone_axe":3,"minecraft:enchanted_book":4,"minecraft:air":0,"minecraft:bread":39,"woodworks:oak_chest":10,"minecraft:oak_boat":1,"forbidden_arcanus:cherry_planks":18,"oriacs:landwalking_helmet":1,"minecraft:acacia_planks":240,"minecraft:torch":88},"minecraft:killed_by":{"enemyexpansion:tarantula":1,"alexsmobs:leafcutter_ant":1,"minecraft:pillager":2,"minecraft:vindicator":1,"ars_nouveau:wilden_hunter":1,"minecraft:player":1,"bosses_of_mass_destruction:void_blossom":40,"minecraft:skeleton":2},"minecraft:killed":{"minecraft:cave_spider":2,"minecraft:witch":1,"minecraft:spider":10,"enemyexpansion:equestrian":4,"alexsmobs:murmur":1,"twilightforest:lich_minion":5,"minecraft:skeleton":29,"twilightforest:lich":1,"alexsmobs:leafcutter_ant":2,"minecraft:chicken":1,"ecologics:coconut_crab":1,"enemyexpansion:vampflyer":5,"minecraft:pig":2,"alexsmobs:grizzly_bear":1,"minecraft:zombie_villager":1,"irons_spellbooks:necromancer":1,"minecraft:creeper":10,"minecraft:pillager":2,"enemyexpansion:meature":3,"minecraft:zombie":42,"undead_unleashed:shadewraith":5,"enemyexpansion:botfly":8,"undead_unleashed:haunter":2,"mutantmonsters:mutant_creeper":1,"irons_spellbooks:summoned_zombie":4,"quark:toretoise":1,"enemyexpansion:direwolf":4,"twilightforest:death_tome":5,"ars_nouveau:summon_wolf":7,"goblintraders:goblin_trader":1,"enemyexpansion:scorpion":8,"enemyexpansion:sprinter":1,"majruszsdifficulty:cursed_armor":7,"alexsmobs:emu":3,"ars_nouveau:wilden_hunter":4,"minecraft:villager":1,"enemyexpansion:slugger":3},"minecraft:custom":{"enigmaticlegacy:play_time_with_seven_curses":0,"lootr:looted_stat":37,"minecraft:interact_with_crafting_table":89,"minecraft:open_barrel":14,"minecraft:eat_cake_slice":27,"minecraft:leave_game":5,"minecraft:time_since_death":111272,"minecraft:damage_resisted":0,"minecraft:sprint_one_cm":1189404,"minecraft:damage_blocked_by_shield":1731,"minecraft:drop":395,"minecraft:talked_to_villager":191,"minecraft:play_time":575182,"minecraft:deaths":53,"minecraft:jump":4590,"minecraft:walk_on_water_one_cm":38357,"minecraft:enchant_item":11,"minecraft:interact_with_furnace":75,"minecraft:traded_with_villager":380,"minecraft:sleep_in_bed":16,"minecraft:waystone_activated":2,"minecraft:damage_dealt":192907,"minecraft:player_kills":3,"minecraft:crouch_one_cm":32766,"minecraft:interact_with_smoker":11,"minecraft:interact_with_smithing_table":1,"minecraft:interact_with_anvil":4,"minecraft:mob_kills":190,"minecraft:inspect_hopper":2,"minecraft:fill_cauldron":1,"minecraft:damage_dealt_resisted":1488,"minecraft:climb_one_cm":17889,"minecraft:walk_one_cm":1515326,"minecraft:damage_dealt_absorbed":160,"minecraft:sneak_time":15104,"minecraft:walk_under_water_one_cm":17560,"minecraft:boat_one_cm":326,"minecraft:interact_with_blast_furnace":10,"minecraft:total_world_time":575182,"enigmaticlegacy:play_time_without_seven_curses":573595,"minecraft:interact_with_grindstone":9,"minecraft:interact_with_stonecutter":2,"minecraft:time_since_rest":44386,"minecraft:damage_taken":69172,"minecraft:damage_absorbed":378,"minecraft:swim_one_cm":36049,"minecraft:fly_one_cm":909653,"minecraft:open_chest":672,"minecraft:fall_one_cm":120968}},"DataVersion":3120}