{"stats":{"minecraft:used":{"minecraft:stone":14,"ecologics:coconut_planks":14,"minecraft:soul_sand":9,"woodworks:acacia_bookshelf":10,"minecraft:lava_bucket":7,"minecraft:birch_sapling":1,"easy_villagers:iron_farm":2,"minecraft:bow":257,"minecraft:furnace":4,"minecraft:mossy_stone_bricks":5,"minecraft:composter":5,"minecraft:golden_apple":30,"minecraft:glow_berries":1,"minecraft:lectern":10,"minecraft:wooden_sword":6,"globalxp:xp_block":1,"minecraft:smithing_table":2,"minecraft:oak_boat":1,"ironfurnaces:gold_furnace":2,"minecraft:enchanting_table":2,"minecraft:stone_sword":200,"minecraft:acacia_log":5,"minecraft:armor_stand":2,"woodworks:spruce_chest":16,"minecraft:netherrack":158,"minecraft:torch":541,"minecraft:warped_wart_block":1,"twilightforest:knightmetal_axe":4,"minecraft:oak_fence_gate":1,"vinery:vinemaker_leggings":1,"minecraft:flowering_azalea":1,"minecraft:iron_axe":155,"twilightforest:knight_phantom_trophy":3,"minecraft:glowstone":1,"ecologics:coconut_boat":2,"comforts:sleeping_bag_white":3,"minecraft:cobbled_deepslate":57,"minecraft:water_bucket":42,"easy_villagers:farmer":13,"celestisynth:solar_crystal":1,"minecraft:cauldron":2,"minecraft:fletching_table":8,"minecraft:crafting_table":6,"minecraft:white_bed":1,"minecraft:campfire":1,"minecraft:cake":4,"minecraft:oak_log":8,"minecraft:diamond_pickaxe":477,"minecraft:iron_pickaxe":903,"forbidden_arcanus:aureal_bottle":1,"minecraft:spruce_sapling":4,"woodworks:acacia_chest":2,"minecraft:cobblestone":285,"twilightforest:underbrick":11,"byg:palm_planks":81,"structurize:sceptergold":1,"quark:ancient_tome":1,"easy_villagers:breeder":1,"minecraft:shield":99,"minecraft:iron_sword":184,"minecraft:player_head":2,"minecraft:milk_bucket":1,"minecraft:stone_bricks":1,"minecraft:magma_block":1,"minecraft:hay_block":1,"minecraft:written_book":1,"woodworks:birch_chest":2,"twilightforest:naga_trophy":3,"minecraft:wither_skeleton_skull":3,"minecraft:stone_pickaxe":268,"minecraft:oak_planks":8,"minecraft:diamond_axe":642,"minecraft:sugar_cane":13,"twilightforest:towerwood":3,"waystones:waystone":1,"easy_villagers:villager":54,"twilightforest:triple_bow":2,"minecraft:gravel":98,"forbidden_arcanus:splash_aureal_bottle":2,"minecraft:grindstone":1,"minecraft:experience_bottle":6,"minecraft:azalea":4,"minecraft:trident":1,"minecraft:flint_and_steel":111,"minecraft:cracked_deepslate_bricks":1,"minecraft:stone_shovel":119,"woodworks:oak_chest":13,"minecraft:spruce_planks":1,"minecraft:dirt":48,"minecraft:cobblestone_wall":153,"twilightforest:dark_door":1,"easy_villagers:auto_trader":2,"byg:blue_netherrack":76,"minecraft:golden_carrot":132,"minecraft:soul_soil":1,"minecraft:deepslate_tile_stairs":1,"easy_villagers:incubator":1,"minecraft:cobblestone_slab":1,"celestisynth:lunar_stone":1,"minecraft:stone_axe":289,"minecraft:cobbled_deepslate_slab":204,"minecraft:bucket":74,"minecraft:splash_potion":2},"minecraft:killed_by":{"enemyexpansion:tarantula":1,"alexsmobs:leafcutter_ant":1,"minecraft:pillager":2,"minecraft:vindicator":1,"ars_nouveau:wilden_hunter":1,"minecraft:warden":3,"twilightforest:blockchain_goblin":6,"bygonenether:warped_enderman":5,"minecraft:player":2,"bosses_of_mass_destruction:void_blossom":40,"minecraft:skeleton":4},"minecraft:mined":{"minecraft:dark_prismarine_stairs":3,"minecraft:white_bed":1,"alexsmobs:leafcutter_anthill":1,"twilightforest:knight_phantom_wall_trophy":1,"minecraft:obsidian":4,"minecraft:granite":2,"minecraft:acacia_log":42,"byg:stripped_palm_log":3,"minecraft:deepslate_tile_stairs":1,"minecraft:spawner":6,"woodworks:birch_chest":2,"minecraft:polished_blackstone_bricks":1,"minecraft:magma_block":1,"minecraft:mossy_cobblestone_stairs":1,"minecraft:fire":22,"minecraft:cobbled_deepslate":18,"byg:blue_nether_quartz_ore":13,"minecraft:deepslate_lapis_ore":5,"minecraft:fletching_table":2,"minecraft:enchanting_table":2,"byg:embur_sprouts":1,"minecraft:sculk_shrieker":3,"minecraft:water_cauldron":1,"minecraft:oak_stairs":1,"minecraft:brown_mushroom":7,"minecraft:red_bed":1,"minecraft:soul_fire":2,"woodworks:spruce_chest":2,"minecraft:torch":9,"galosphere:silver_ore":1,"easy_villagers:farmer":1,"minecraft:sugar_cane":8,"byg:soapstone":1,"minecraft:wheat":1,"celestisynth:lunar_stone":8,"minecraft:stone_brick_stairs":9,"minecraft:grass":49,"minecraft:oak_fence_gate":1,"byg:scorched_bush":1,"minecraft:deepslate":238,"minecraft:dark_prismarine":2,"minecraft:mossy_cobblestone":1,"twilightforest:underbrick":23,"minecraft:cobbled_deepslate_slab":16,"woodworks:acacia_bookshelf":2,"minecraft:moss_block":6,"minecraft:cartography_table":1,"forbidden_arcanus:deepslate_arcane_crystal_ore":5,"bosses_of_mass_destruction:void_blossom":8,"minecraft:vine":5,"minecraft:cobblestone_slab":1,"twilightforest:cracked_underbrick":7,"twilightforest:dark_log":15,"fastpaintings:painting":4,"minecraft:smithing_table":3,"minecraft:oak_slab":1,"byg:palm_planks":21,"lootr:lootr_barrel":10,"minecraft:soul_sand":14,"minecraft:warped_roots":1,"minecraft:campfire":1,"minecraft:copper_ore":8,"minecraft:tall_grass":21,"twilightforest:nagastone":1,"minecraft:dried_kelp_block":4,"minecraft:deepslate_gold_ore":44,"minecraft:cracked_deepslate_bricks":3,"minecraft:warped_wart_block":1,"minecraft:coarse_dirt":1,"byg:scoria_stone":1,"minecraft:cobblestone_wall":6,"twigs:tangerine_seashell":1,"globalxp:xp_block":1,"minecraft:spruce_log":5,"minecraft:birch_leaves":1,"minecraft:gravel":114,"minecraft:stone_bricks":6,"easy_villagers:auto_trader":1,"minecraft:gold_ore":5,"minecraft:deepslate_emerald_ore":1,"twilightforest:knight_phantom_trophy":1,"minecraft:spruce_planks":3,"minecraft:cave_vines_plant":4,"minecraft:grass_block":20,"ars_nouveau:sourceberry_bush":5,"twilightforest:stripped_dark_log":1,"minecraft:composter":1,"comforts:sleeping_bag_white":1,"minecraft:glowstone":121,"ironfurnaces:gold_furnace":2,"bygonenether:warped_nether_bricks":2,"twilightforest:naga_wall_trophy":1,"minecraft:iron_bars":7,"minecraft:azalea":1,"minecraft:deepslate_redstone_ore":2,"supplementaries:book_pile":1,"ars_nouveau:stripped_green_archwood_log":2,"undead_unleashed:grave_soil":2,"twilightforest:twilight_oak_log":1,"minecraft:nether_quartz_ore":42,"minecraft:cobblestone":37,"bygonenether:warped_nether_brick_stairs":1,"minecraft:wall_torch":10,"minecraft:cauldron":1,"minecraft:warped_nylium":6,"minecraft:blue_terracotta":1,"byg:palm_log":12,"minecraft:birch_log":40,"twilightforest:mossy_underbrick":7,"minecraft:tnt":3,"celestisynth:solar_crystal":28,"minecraft:smooth_stone_slab":1,"minecraft:oak_log":178,"minecraft:sand":40,"minecraft:dirt":113,"structure_gel:dynamic_spawner":2,"minecraft:netherrack":158,"minecraft:oak_leaves":65,"minecraft:nether_gold_ore":1,"minecraft:diamond_ore":5,"minecraft:red_carpet":6,"minecraft:tuff":1,"ecologics:coconut_planks":1,"minecraft:deepslate_diamond_ore":7,"minecraft:ladder":1,"minecraft:dark_oak_pressure_plate":1,"ecologics:coconut_log":9,"minecraft:sandstone":5,"minecraft:hay_block":24,"byg:blue_netherrack":115,"easy_villagers:iron_farm":2,"iter_rpg:small_vase":1,"minecraft:gold_block":6,"minecraft:bookshelf":83,"minecraft:deepslate_iron_ore":1,"minecraft:stripped_oak_log":3,"minecraft:stone":520,"minecraft:acacia_leaves":10,"minecraft:oak_fence":1,"minecraft:crafting_table":2,"minecraft:sculk_sensor":3,"minecraft:lectern":2,"woodworks:oak_chest":3,"minecraft:lapis_ore":13,"delightful:wild_salmonberries":8,"minecraft:sculk":1,"supplementaries:urn":2,"forbidden_arcanus:xpetrified_ore":4,"iter_rpg:abyss_quartz":1,"minecraft:coal_ore":22,"iter_rpg:spider_egg":1,"minecraft:mossy_stone_bricks":26,"forbidden_arcanus:runic_deepslate":1,"minecraft:warped_slab":1},"minecraft:crafted":{"minecraft:smooth_stone":3,"ironfurnaces:iron_furnace":1,"minecraft:bookshelf":25,"woodworks:spruce_bookshelf":18,"minecraft:glass":73,"cisco_mod:darksteel_armor_leggings":1,"atmospheric:passion_fruit_tart":48,"minecraft:emerald":461,"cisco_mod:darksteel_armor_helmet":1,"minecraft:diamond_axe":3,"minecraft:acacia_slab":18,"oriacs:diving_helmet":1,"minecraft:copper_ingot":12,"minecraft:fletching_table":6,"minecraft:hay_block":1,"minecraft:lectern":59,"cisco_mod:raw_brightsteel":68,"naturescompass:naturescompass":1,"minecraft:iron_pickaxe":3,"minecraft:gold_ingot":137,"minecraft:netherite_ingot":3,"minecraft:composter":5,"cisco_mod:brightsteel_leggings":2,"minecraft:golden_carrot":144,"ecologics:coconut_planks":44,"woodworks:spruce_chest":14,"twilightforest:twilight_oak_planks":4,"minecraft:spruce_slab":228,"minecraft:stone_pickaxe":2,"ecologics:coconut_boat":1,"minecraft:wheat":99,"easy_villagers:farmer":9,"forbidden_arcanus:cherry_slab":36,"minecraft:enchanted_book":4,"forbidden_arcanus:cherry_planks":18,"oriacs:landwalking_helmet":1,"minecraft:oak_planks":1968,"twilightforest:dark_door":3,"minecraft:stone":16,"cisco_mod:darksteel":2,"minecraft:suspicious_stew":14,"atmospheric:yucca_gateau":7,"minecraft:cake":7,"minecraft:bow":7,"twilightforest:dark_planks":100,"woodworks:acacia_bookshelf":18,"minecraft:oak_slab":36,"minecraft:cauldron":1,"minecraft:crafting_table":2,"minecraft:spruce_planks":360,"minecraft:red_wool":15,"minecraft:birch_planks":64,"byg:palm_planks":60,"minecraft:charcoal":48,"minecraft:shield":3,"minecraft:stick":3822,"cisco_mod:darksteel_armor_chestplate":1,"woodworks:acacia_chest":1,"minecraft:cobbled_deepslate_slab":198,"minecraft:cookie":108,"minecraft:furnace":4,"cisco_mod:brightsteel_chestplate":2,"easy_villagers:auto_trader":1,"minecraft:glass_pane":64,"minecraft:iron_axe":1,"minecraft:spruce_wood":3,"minecraft:cobblestone_wall":144,"cisco_mod:brightsteel_boots":2,"minecraft:red_dye":6,"cisco_mod:brightsteel_helmet":2,"minecraft:stone_axe":3,"minecraft:bread":39,"minecraft:air":0,"woodworks:oak_chest":10,"minecraft:oak_boat":1,"cisco_mod:darksteel_armor_boots":1,"minecraft:acacia_planks":240,"minecraft:torch":604},"minecraft:broken":{"aether:iron_gloves":1,"minecraft:shield":2,"minecraft:stone_pickaxe":1,"minecraft:stone_axe":2,"cisco_mod:adventurer_helmet":1},"minecraft:dropped":{"twilightforest:nagastone":1,"naturescompass:naturescompass":1,"farmersdelight:iron_knife":1,"ars_nouveau:novice_spell_book":1,"minecraft:porkchop":9,"minecraft:lapis_lazuli":8,"minecraft:glow_ink_sac":6,"minecraft:glass_bottle":1,"minecraft:diamond":41,"minecraft:crafting_table":2,"minecraft:cooked_porkchop":1,"minecraft:cookie":108,"minecraft:glow_berries":1,"minecraft:warped_roots":2,"vinery:white_grape_seeds":2,"constructionwand:stone_wand":1,"minecraft:mossy_stone_brick_stairs":4,"minecraft:cracked_stone_bricks":2,"undead_unleashed:grave_metal_scrap":5,"minecraft:elytra":1,"minecraft:rail":16,"minecraft:leather_helmet":1,"minecraft:emerald":1,"twigs:pebble":61,"minecraft:dirt":59,"twilightforest:firefly":7,"atmospheric:yucca_gateau":7,"twilightforest:mossy_underbrick":7,"easy_villagers:auto_trader":1,"minecraft:gold_nugget":140,"alexsmobs:emu_feather":5,"minecraft:wooden_sword":4,"twilightforest:phantom_chestplate":1,"minecraft:sand":1,"minecraft:iron_pickaxe":1,"majruszsdifficulty:tattered_leggings":1,"ars_nouveau:source_gem":15,"minecraft:bone":114,"woodworks:acacia_bookshelf":17,"twilightforest:dark_planks":8,"minecraft:stone_axe":2,"apotheosis:mythic_material":1,"minecraft:sugar_cane":64,"alexsmobs:gazelle_horn":1,"minecraft:iron_nugget":45,"minecraft:cobbled_deepslate":78,"minecraft:wheat":42,"minecraft:birch_sapling":16,"immersive_armors:wooden_boots":2,"minecraft:obsidian":1,"endrem:rogue_eye":1,"minecraft:rotten_flesh":163,"twilightforest:dark_door":2,"minecraft:oak_planks":13,"cisco_mod:darksteel_armor_boots":1,"twilightforest:knightmetal_axe":1,"irons_spellbooks:inscription_table":2,"minecraft:salmon":1,"supplementaries:flax_seeds":4,"atmospheric:golden_dragon_fruit":1,"forbidden_arcanus:zombie_arm":2,"undead_unleashed:grave_metal_axe":4,"twilightforest:cracked_underbrick":7,"easy_villagers:converter":1,"apotheosis:gem":9,"minecraft:leather_boots":1,"minecraft:acacia_sapling":10,"farmersdelight:bacon_and_eggs":16,"minecraft:leather_leggings":1,"forbidden_arcanus:arcane_crystal":1,"iter_rpg:spider_silk":1,"minecraft:spruce_slab":7,"globalxp:xp_block":1,"minecraft:crying_obsidian":1,"bygonenether:warped_nether_bricks":2,"minecraft:stone_brick_stairs":4,"oriacs:umbrella":3,"minecraft:acacia_fence":1,"minecraft:lectern":49,"minecraft:egg":1,"farmersdelight:tomato_seeds":113,"minecolonies:supplychestdeployer":1,"minecraft:enchanted_book":1,"minecraft:golden_boots":1,"minecraft:iron_ingot":8,"woodworks:spruce_bookshelf":9,"minecraft:wheat_seeds":37,"twilightforest:canopy_sapling":1,"minecraft:golden_horse_armor":1,"cisco_mod:darksteel_armor_helmet":1,"forbidden_arcanus:tentacle":2,"minecraft:book":3,"minecraft:feather":10,"minecraft:cobblestone":68,"minecraft:iron_helmet":2,"twilightforest:ironwood_ingot":2,"twilightforest:lich_trophy":1,"minecraft:apple":3,"minecraft:granite":4,"cisco_mod:adventurer_chestplate":1,"twilightforest:etched_nagastone":2,"twilightforest:ironwood_chestplate":1,"undead_unleashed:shaded_bricks":1,"minecraft:coal":17,"minecraft:polished_andesite":3,"twilightforest:naga_trophy":1,"minecraft:diamond_horse_armor":1,"aquaculture:muskellunge":1,"twilightforest:ironwood_axe":2,"minecraft:ink_sac":7,"minecraft:potion":2,"delightful:acorn":2,"minecraft:mossy_cobblestone_stairs":1,"minecraft:chainmail_leggings":1,"minecraft:iron_shovel":1,"minecraft:string":18,"minecraft:spruce_sapling":1,"twilightforest:knightmetal_ingot":8,"minecraft:acacia_planks":1,"minecraft:gray_carpet":1,"minecraft:stone_brick_slab":2,"cisco_mod:darksteel_armor_chestplate":1,"minecraft:moss_carpet":23,"ecologics:coconut_planks":8,"irons_spellbooks:copper_spell_book":1,"cisco_mod:adventurer_boots":1,"alexsmobs:acacia_blossom":2,"minecraft:netherite_ingot":1,"ars_nouveau:source_berry":13,"minecraft:cobblestone_wall":34,"minecraft:stone_sword":3,"minecraft:cocoa_beans":12,"minecraft:smooth_stone_slab":5,"minecraft:bowl":6,"twilightforest:steeleaf_sword":1,"minecraft:stone_shovel":4,"minecraft:chicken":3,"majruszsaccessories:miner_guide":1,"ironfurnaces:iron_furnace":2,"sophisticatedbackpacks:backpack":1,"twilightforest:knightmetal_chestplate":1,"undead_unleashed:grave_metal_sword":2,"minecraft:cobbled_deepslate_slab":1,"forbidden_arcanus:lens_of_veritatis":2,"minecraft:suspicious_stew":14,"byg:blue_netherrack":6,"minecraft:potato":159,"minecraft:spruce_trapdoor":3,"twilightforest:underbrick":12,"minecraft:spruce_planks":8,"minecraft:stone_bricks":2,"minecraft:barrel":2,"minecraft:spider_eye":9,"minecraft:bow":4,"waystones:waystone":1,"minecraft:magma_block":2,"minecraft:dark_prismarine":1,"atmospheric:passion_fruit_tart":48,"easy_villagers:trader":1,"minecraft:cooked_rabbit":1,"minecraft:candle":3,"minecraft:moss_block":1,"minecraft:brown_mushroom":5,"minecraft:diamond_axe":1,"ecologics:crab_meat":1,"minecolonies:supplycampdeployer":1,"ecologics:coconut_slice":20,"bakery:strawberry":4,"majruszsdifficulty:tattered_helmet":1,"woodworks:oak_boards":1,"cisco_mod:adventurer_leggings":1,"minecraft:cod":68,"twilightforest:ironwood_shovel":1,"ringsofascension:ring_speed":1,"vinery:fermentation_barrel":1,"minecraft:birch_slab":4,"farmersdelight:rice":2,"minecraft:flint":1,"immersive_armors:wooden_leggings":2,"minecraft:mutton":19,"minecraft:cooked_cod":3,"farmersdelight:onion":3,"twilightforest:cracked_etched_nagastone":4,"twilightforest:armor_shard":53,"minecraft:polished_blackstone_bricks":1,"minecraft:glistering_melon_slice":3,"immersive_armors:wooden_chestplate":4,"minecraft:birch_log":3,"bygonenether:warped_ender_pearl":1,"twigs:twig":17,"minecraft:gold_ingot":5,"vinery:red_grape_seeds":10,"minecraft:gravel":16,"majruszsdifficulty:tattered_chestplate":1,"cisco_mod:brightsteel_chestplate":1,"aquaculture:perch":6,"iter_rpg:spawner_fragment":3,"minecraft:carrot":14,"minecraft:chainmail_chestplate":1,"undead_unleashed:mossy_shaded_bricks":1,"minecraft:poppy":171,"minecraft:leather_chestplate":2,"supplementaries:ash":5,"minecraft:trident":1,"minecraft:gunpowder":40,"minecraft:azalea":3,"minecraft:melon_seeds":9,"oriacs:landwalking_helmet":1,"minecraft:chainmail_boots":2,"twilightforest:fiery_leggings":1,"minecraft:acacia_slab":4,"minecraft:spruce_wood":2,"minecraft:iron_bars":6,"minecraft:arrow":19,"twilightforest:knightmetal_sword":2,"farmersdelight:ratatouille":32,"minecraft:written_book":3,"minecraft:enchanting_table":1,"minecraft:water_bucket":1,"minecraft:bread":1,"minecraft:oak_slab":1,"minecraft:mossy_cobblestone":2,"minecraft:bookshelf":25,"minecraft:poisonous_potato":118,"ecologics:coconut_seedling":2,"enemyexpansion:scorpion_tail":4,"cisco_mod:brightsteel_boots":1,"ecologics:crab_claw":1,"immersive_armors:robe_chestplate":1,"minecraft:stick":98,"minecraft:iron_block":1,"cisco_mod:amuletof_vitality":1,"bakery:strawberry_seeds":2,"minecraft:torch":28,"minecraft:leather_horse_armor":1,"cisco_mod:brightsteel_leggings":1,"byg:soapstone":7,"minecraft:melon_slice":5,"forbidden_arcanus:spawner_scrap":2,"minecraft:iron_leggings":1,"irons_spellbooks:common_ink":1,"minecraft:flowering_azalea":2,"minecraft:iron_axe":1,"vinery:jungle_grapes_red":1,"minecraft:redstone":9,"minecraft:polished_deepslate":4,"minecraft:dark_prismarine_stairs":3,"cisco_mod:brightsteel_helmet":1,"minecraft:raw_copper":18,"minecraft:tuff":1,"minecraft:raw_iron":1,"farmersdelight:cabbage_seeds":143,"vinery:jungle_grapes_white":4,"twilightforest:twilight_scepter":1,"minecraft:light_gray_wool":1,"minecraft:iron_hoe":1,"undead_unleashed:grave_metal_boots":1,"minecraft:flint_and_steel":2,"twigs:tangerine_seashell":1,"minecraft:filled_map":1,"twilightforest:phantom_helmet":1,"minecraft:shield":6,"minecraft:oak_button":1,"aether:iron_gloves":2,"cisco_mod:darksteel_armor_leggings":1,"oriacs:diving_helmet":1,"twilightforest:magic_map_focus":1,"minecraft:mossy_stone_bricks":9,"minecraft:golden_leggings":1,"minecraft:oak_boat":1,"minecraft:oak_sapling":27,"farmersdelight:minced_beef":5,"minecraft:golden_sword":3,"simplyswords:iron_longsword":1,"forbidden_arcanus:cherry_slab":36,"minecraft:stone_pickaxe":3,"minecraft:raw_gold":5,"immersive_armors:wooden_helmet":1,"minecraft:brick":4},"minecraft:picked_up":{"minecolonies:supplycampdeployer":1,"twilightforest:lich_trophy":1,"undead_unleashed:cursed_cloth":2,"twilightforest:cracked_underbrick":7,"minecraft:lead":2,"minecraft:smithing_table":3,"twilightforest:naga_trophy":4,"minecraft:oak_stairs":1,"minecraft:golden_sword":3,"forbidden_arcanus:xpetrified_orb":4,"minecraft:string":41,"apotheosis:epic_material":2,"minecraft:soul_soil":1,"woodworks:oak_chest":3,"alexsmobs:emu_feather":5,"minecraft:gold_nugget":81,"minecraft:cobbled_deepslate":272,"bosses_of_mass_destruction:soul_star":1,"minecraft:spruce_planks":8,"celestisynth:lunar_stone":7,"undead_unleashed:grave_metal_sword":4,"minecraft:written_book":3,"twilightforest:underbrick":23,"farmersdelight:ratatouille":16,"woodworks:spruce_bookshelf":8,"minecraft:golden_helmet":2,"apotheosis:rare_material":5,"explorerscompass:explorerscompass":1,"minecraft:composter":1,"minecraft:acacia_log":69,"twilightforest:cracked_etched_nagastone":2,"easy_villagers:iron_farm":2,"minecraft:deepslate_tile_stairs":1,"bygonenether:warped_ender_pearl":6,"minecraft:cauldron":2,"minecraft:stone_sword":3,"minecraft:iron_block":2,"twilightforest:seeker_bow":1,"minecraft:bookshelf":25,"supplementaries:ash":4,"minecraft:blaze_rod":12,"endrem:rogue_eye":1,"minecraft:iron_bars":10,"minecraft:birch_log":80,"minecraft:magma_block":1,"woodworks:birch_chest":2,"minecraft:feather":3,"ecologics:coconut_planks":1,"ars_nouveau:source_berry":10,"minecraft:flint":14,"byg:stripped_palm_log":3,"bygonenether:warped_nether_bricks":2,"undead_unleashed:shaded_bricks":1,"twilightforest:canopy_sapling":1,"forbidden_arcanus:rune":1,"cisco_mod:amuletof_vitality":1,"minecraft:glowstone_dust":416,"apotheosis:mythic_material":1,"galosphere:raw_silver":1,"minecraft:moss_block":1,"relics:hunter_belt":3,"patchouli:guide_book":1,"minecraft:warped_wart_block":1,"minecraft:ink_sac":4,"minecraft:barrel":2,"ars_nouveau:wilden_horn":3,"constructionwand:stone_wand":1,"minecraft:granite":3,"undead_unleashed:mossy_shaded_bricks":1,"minecraft:crafting_table":3,"twilightforest:ironwood_axe":2,"minecraft:leather_leggings":1,"minecraft:red_bed":1,"minecraft:elytra":1,"twilightforest:steeleaf_sword":1,"minecraft:netherite_scrap":5,"cisco_mod:adventurer_chestplate":1,"minecraft:cartography_table":1,"minecraft:birch_sapling":31,"globalxp:xp_block":2,"twilightforest:armor_shard":155,"cisco_mod:brightsteel_helmet":1,"sophisticatedbackpacks:backpack":1,"farmersdelight:tomato_seeds":50,"minecraft:carrot":1,"minecraft:redstone":9,"minecraft:tnt":2,"minecraft:stone_shovel":1,"minecraft:cooked_cod":2,"celestisynth:solar_crystal":25,"ironfurnaces:gold_furnace":1,"minecraft:hay_block":24,"minecraft:cracked_deepslate_bricks":1,"twilightforest:kobold_spawn_egg":1,"byg:blue_netherrack":82,"twilightforest:magic_map_focus":1,"byg:palm_log":12,"cisco_mod:champion_coin":6,"minecraft:glow_berries":2,"minecraft:mutton":12,"minecraft:rail":8,"minecraft:stripped_oak_log":3,"alexsmobs:acacia_blossom":2,"minecraft:filled_map":1,"vinery:straw_hat":1,"twilightforest:phantom_chestplate":1,"easy_villagers:farmer":1,"minecraft:oak_log":218,"minecraft:golden_boots":1,"enemyexpansion:scorpion_tail":2,"minecraft:paper":43,"minecraft:apple":8,"minecraft:stone_bricks":3,"minecraft:oak_fence_gate":1,"minecraft:stone_pickaxe":1,"undead_unleashed:grave_metal_boots":1,"apotheosis:gem_dust":1,"minecraft:flowering_azalea":3,"endrem:witch_pupil":1,"vinery:jungle_grapes_white":2,"vinery:fermentation_barrel":1,"minecraft:gravel":106,"minecraft:spruce_sapling":5,"delightful:salmonberries":8,"minecraft:spruce_log":125,"minecraft:crying_obsidian":1,"farmersdelight:bacon_and_eggs":16,"minecraft:leather_helmet":3,"forbidden_arcanus:arcane_crystal":5,"minecraft:slime_ball":48,"minecraft:stone_axe":1,"minecraft:diamond_axe":1,"cisco_mod:brightsteel_leggings":1,"naturescompass:naturescompass":1,"minecraft:warped_roots":2,"twilightforest:fiery_leggings":1,"minecraft:melon_seeds":3,"irons_spellbooks:scroll":2,"minecraft:wheat":55,"aether:iron_gloves":3,"minecraft:potion":1,"bakery:strawberry_seeds":1,"minecraft:stone_brick_stairs":4,"alexsmobs:gazelle_horn":1,"minecraft:raw_copper":27,"oriacs:umbrella":3,"minecraft:armor_stand":1,"minecraft:netherite_ingot":1,"minecraft:experience_bottle":3,"irons_spellbooks:arcane_essence":2,"twigs:pebble":60,"minecraft:bucket":9,"comforts:sleeping_bag_white":4,"delightful:acorn":18,"minecraft:cobblestone_slab":1,"minecraft:azalea":7,"twilightforest:mossy_underbrick":7,"farmersdelight:cabbage_seeds":56,"irons_spellbooks:inscription_table":1,"cisco_mod:brightsteel_chestplate":1,"minecraft:furnace":1,"minecraft:tipped_arrow":64,"minecraft:stick":91,"minecolonies:supplychestdeployer":1,"apotheosis:gem":31,"aether:red_cape":1,"forbidden_arcanus:tentacle":1,"minecraft:oak_fence":1,"minecraft:torch":65,"ecologics:coconut_seedling":2,"minecraft:porkchop":7,"enemyexpansion:meathead_helmet":1,"majruszsaccessories:dream_catcher":1,"quark:ancient_tome":1,"minecraft:rotten_flesh":132,"ecologics:coconut_log":11,"minecraft:obsidian":5,"twigs:tangerine_seashell":1,"minecraft:cod":91,"minecraft:cobblestone":627,"minecraft:enchanting_table":3,"minecraft:leather_chestplate":1,"bygonenether:warped_nether_brick_stairs":1,"twilightforest:twilight_oak_log":1,"minecraft:warped_fungus_on_a_stick":1,"minecraft:golden_leggings":1,"minecraft:potato":149,"minecraft:tuff":1,"supplementaries:flax_seeds":2,"minecraft:wither_skeleton_skull":6,"minecraft:lapis_lazuli":252,"minecraft:dirt":106,"constructionwand:iron_wand":1,"minecraft:leather_boots":2,"minecraft:bone":70,"majruszsaccessories:miner_guide":1,"minecraft:bow":5,"minecraft:wheat_seeds":18,"easy_villagers:trader":1,"minecraft:raw_gold":102,"minecraft:cobbled_deepslate_slab":13,"minecraft:mossy_stone_bricks":13,"minecraft:fletching_table":2,"twigs:twig":63,"ironfurnaces:iron_furnace":1,"minecraft:oak_planks":22,"minecraft:mossy_stone_brick_stairs":2,"minecraft:ghast_tear":7,"iter_rpg:spider_silk":1,"minecraft:poisonous_potato":3,"minecraft:sand":39,"twilightforest:knightmetal_chestplate":1,"iter_rpg:earth_fragment":2,"minecraft:mossy_cobblestone":2,"minecraft:dark_prismarine":1,"woodworks:acacia_bookshelf":17,"twilightforest:twilight_scepter":1,"twilightforest:dark_planks":8,"minecraft:diamond":76,"waystones:waystone":3,"iter_rpg:abyssquartz_shard":1,"twilightforest:phantom_helmet":1,"minecraft:golden_apple":15,"minecraft:emerald":13,"minecraft:oak_sapling":82,"minecraft:netherrack":158,"cisco_mod:brightsteel_ingot":1,"twilightforest:torchberries":12,"iter_rpg:spawner_fragment":3,"minecraft:charcoal":10,"byg:soapstone":4,"minecraft:ladder":1,"minecraft:brown_mushroom":8,"vinery:vinemaker_boots":1,"minecraft:gold_block":6,"twilightforest:nagastone":1,"woodworks:spruce_chest":2,"ecologics:coconut_boat":2,"minecraft:shield":1,"forbidden_arcanus:thin_cherry_log":9,"minecraft:moss_carpet":23,"skilltree:wisdom_scroll":1,"minecraft:wooden_sword":2,"twilightforest:dark_log":27,"easy_villagers:auto_trader":2,"minecraft:dark_prismarine_stairs":3,"minecraft:oak_boat":1,"minecraft:lectern":2,"minecraft:sugar_cane":96,"minecraft:spruce_trapdoor":3,"twilightforest:stripped_dark_log":1,"ecologics:coconut_slice":12,"twilightforest:ironwood_shovel":1,"aquaculture:perch":3,"minecraft:polished_blackstone_bricks":1,"twilightforest:knightmetal_axe":1,"vinery:vinemaker_leggings":1,"minecraft:trident":1,"minecraft:iron_horse_armor":1,"ars_nouveau:music_disc_firel_the_wild_hunt":1,"minecraft:arrow":35,"majruszsaccessories:lucky_rock":1,"twilightforest:etched_nagastone":1,"cisco_mod:brightsteel_boots":1,"twilightforest:knight_phantom_trophy":2,"minecraft:saddle":1,"forbidden_arcanus:spawner_scrap":6,"minecraft:golden_carrot":11,"minecraft:glow_ink_sac":3,"minecraft:leather":2,"forbidden_arcanus:zombie_arm":2,"twilightforest:ironwood_chestplate":2,"minecraft:gunpowder":86,"minecraft:cobblestone_wall":18,"easy_villagers:converter":1,"minecraft:iron_ingot":11,"vinery:vinemaker_apron":1,"minecraft:soul_sand":16,"minecraft:acacia_sapling":7,"minecraft:book":449,"bakery:strawberry":2,"atmospheric:golden_dragon_fruit":1,"minecraft:emerald_block":5,"minecraft:stone_brick_slab":1,"minecraft:quartz":113,"ars_nouveau:novice_spell_book":1,"minecraft:lava_bucket":2,"undead_unleashed:grave_metal_scrap":38,"minecraft:white_bed":1,"byg:palm_planks":21,"twilightforest:knightmetal_sword":2,"minecraft:spider_eye":25,"minecraft:dried_kelp_block":4,"immersive_armors:wooden_chestplate":1,"minecraft:iron_helmet":1,"minecraft:mossy_cobblestone_stairs":1,"undead_unleashed:grave_metal_axe":4,"majruszsdifficulty:tattered_chestplate":1,"minecraft:coal":99},"minecraft:custom":{"minecraft:interact_with_crafting_table":131,"minecraft:open_barrel":14,"minecraft:eat_cake_slice":30,"minecraft:leave_game":13,"minecraft:time_since_death":124049,"minecraft:damage_blocked_by_shield":6322,"minecraft:play_time":956831,"minecraft:deaths":70,"minecraft:jump":8593,"minecraft:enchant_item":28,"minecraft:interact_with_furnace":159,"minecraft:traded_with_villager":560,"minecraft:sleep_in_bed":26,"minecraft:waystone_activated":3,"minecraft:damage_dealt":290807,"minecraft:interact_with_smoker":14,"minecraft:interact_with_smithing_table":7,"minecraft:interact_with_anvil":11,"minecraft:inspect_hopper":5,"minecraft:damage_dealt_absorbed":160,"minecraft:sneak_time":34738,"minecraft:interact_with_blast_furnace":46,"minecraft:total_world_time":956831,"enigmaticlegacy:play_time_without_seven_curses":954548,"twilightforest:trophy_pedestals_activated":1,"minecraft:interact_with_stonecutter":3,"minecraft:time_since_rest":21596,"minecraft:swim_one_cm":44541,"minecraft:fly_one_cm":1666699,"minecraft:open_chest":1065,"minecraft:fall_one_cm":260045,"enigmaticlegacy:play_time_with_seven_curses":0,"lootr:looted_stat":76,"minecraft:damage_resisted":1263,"minecraft:sprint_one_cm":2284729,"minecraft:drop":614,"minecraft:talked_to_villager":271,"minecraft:walk_on_water_one_cm":56002,"minecraft:player_kills":3,"minecraft:crouch_one_cm":93154,"minecraft:mob_kills":407,"minecraft:fill_cauldron":1,"minecraft:damage_dealt_resisted":8877,"minecraft:climb_one_cm":30323,"minecraft:walk_one_cm":2554188,"minecraft:walk_under_water_one_cm":32343,"minecraft:boat_one_cm":1178,"minecraft:interact_with_grindstone":17,"minecraft:damage_taken":90269,"minecraft:damage_absorbed":526},"minecraft:killed":{"minecraft:cave_spider":2,"enemyexpansion:equestrian":5,"alexsmobs:murmur":1,"twilightforest:lich_minion":5,"twilightforest:carminite_broodling":11,"minecraft:skeleton":36,"twilightforest:lich":1,"twilightforest:carminite_ghastling":18,"alexsmobs:leafcutter_ant":2,"minecraft:chicken":1,"ecologics:coconut_crab":1,"enemyexpansion:vampflyer":11,"twilightforest:carminite_golem":2,"minecraft:pillager":3,"enemyexpansion:meature":3,"minecraft:zombie":50,"enemyexpansion:vampire":1,"enemyexpansion:botfly":8,"twilightforest:lower_goblin_knight":5,"mutantmonsters:mutant_creeper":1,"quark:toretoise":1,"twilightforest:blockchain_goblin":5,"twilightforest:death_tome":5,"goblintraders:goblin_trader":1,"enemyexpansion:scorpion":8,"twilightforest:helmet_crab":31,"twilightforest:kobold":21,"twilightforest:redcap_sapper":1,"enemyexpansion:sprinter":1,"majruszsdifficulty:cursed_armor":9,"goblintraders:vein_goblin_trader":1,"minecraft:zombified_piglin":1,"minecraft:witch":1,"minecraft:spider":13,"iter_rpg:forest_vines":1,"twilightforest:slime_beetle":34,"minecraft:pig":2,"alexsmobs:grizzly_bear":1,"minecraft:zombie_villager":1,"iter_rpg:spiderling":2,"irons_spellbooks:necromancer":1,"minecraft:creeper":13,"twilightforest:skeleton_druid":3,"twilightforest:mist_wolf":1,"minecraft:trader_llama":2,"twilightforest:upper_goblin_knight":11,"undead_unleashed:shadewraith":5,"bygonenether:warped_enderman":6,"twilightforest:knight_phantom":6,"undead_unleashed:haunter":3,"minecraft:blaze":8,"minecraft:vex":1,"irons_spellbooks:summoned_zombie":4,"enemyexpansion:direwolf":4,"minecraft:phantom":1,"ars_nouveau:summon_wolf":7,"alexsmobs:emu":3,"enemyexpansion:crawler":1,"alexsmobs:gazelle":1,"enemyexpansion:huntsman":1,"iter_rpg:earth_elemental":1,"ars_nouveau:wilden_hunter":4,"minecraft:wither_skeleton":1,"minecraft:villager":1,"enemyexpansion:slugger":3}},"DataVersion":3120}