{"stats":{"minecraft:killed":{"enemyexpansion:equestrian":1,"minecraft:spider":1,"enemyexpansion:direwolf":1,"minecraft:skeleton":1,"alexsmobs:leafcutter_ant":2,"ecologics:coconut_crab":1,"ars_nouveau:summon_wolf":7,"enemyexpansion:scorpion":2,"minecraft:pig":1,"majruszsdifficulty:cursed_armor":4,"minecraft:pillager":2,"minecraft:zombie":1,"undead_unleashed:shadewraith":1,"ars_nouveau:wilden_hunter":4},"minecraft:crafted":{"minecraft:oak_planks":1748,"ecologics:coconut_planks":4,"minecraft:stone":13,"minecraft:glass_pane":16,"minecraft:glass":7,"minecraft:stone_pickaxe":2,"minecraft:cobblestone_wall":66,"minecraft:wheat":99,"minecraft:emerald":113,"minecraft:crafting_table":2,"minecraft:fletching_table":6,"minecraft:birch_planks":12,"minecraft:stone_axe":3,"minecraft:enchanted_book":3,"minecraft:bread":39,"minecraft:air":0,"woodworks:oak_chest":2,"minecraft:oak_boat":1,"minecraft:stick":3608,"minecraft:acacia_planks":88},"minecraft:used":{"minecraft:stone_sword":149,"easy_villagers:breeder":1,"minecraft:stone_shovel":119,"woodworks:oak_chest":2,"minecraft:spruce_planks":1,"minecraft:shield":10,"minecraft:stone":14,"minecraft:iron_sword":35,"minecraft:torch":9,"minecraft:dirt":7,"minecraft:cobblestone_wall":82,"minecraft:oak_fence_gate":1,"minecraft:lava_bucket":2,"minecraft:birch_sapling":1,"minecraft:hay_block":1,"easy_villagers:incubator":1,"minecraft:water_bucket":29,"minecraft:stone_pickaxe":191,"minecraft:oak_planks":8,"easy_villagers:farmer":1,"minecraft:fletching_table":7,"minecraft:golden_apple":20,"minecraft:crafting_table":2,"minecraft:white_bed":1,"minecraft:oak_log":5,"easy_villagers:villager":28,"minecraft:lectern":2,"forbidden_arcanus:aureal_bottle":1,"minecraft:gravel":98,"minecraft:stone_axe":282,"minecraft:cobblestone":89,"forbidden_arcanus:splash_aureal_bottle":2,"minecraft:bucket":31,"minecraft:oak_boat":1},"minecraft:dropped":{"minecolonies:supplychestdeployer":1,"minecraft:enchanted_book":1,"naturescompass:naturescompass":1,"minecraft:bread":1,"minecraft:candle":3,"minecraft:wheat_seeds":1,"minecolonies:supplycampdeployer":1,"minecraft:crafting_table":1,"ecologics:coconut_slice":10,"forbidden_arcanus:tentacle":1,"minecraft:cobblestone":38,"minecraft:iron_helmet":1,"enemyexpansion:scorpion_tail":2,"vinery:fermentation_barrel":1,"undead_unleashed:shaded_bricks":1,"minecraft:stick":81,"twigs:pebble":57,"minecraft:dirt":17,"minecraft:ink_sac":1,"immersive_armors:wooden_leggings":1,"delightful:acorn":2,"minecraft:wooden_sword":1,"minecraft:gold_nugget":3,"immersive_armors:wooden_chestplate":2,"majruszsdifficulty:tattered_leggings":1,"minecraft:gold_ingot":5,"minecraft:bone":9,"majruszsdifficulty:tattered_chestplate":1,"minecraft:cobblestone_wall":25,"minecraft:wheat":2,"immersive_armors:wooden_boots":1,"endrem:rogue_eye":1,"minecraft:stone_shovel":1,"minecraft:rotten_flesh":4,"sophisticatedbackpacks:backpack":1,"undead_unleashed:mossy_shaded_bricks":1,"minecraft:poppy":1,"minecraft:spruce_trapdoor":3,"minecraft:spruce_planks":4,"minecraft:acacia_sapling":7,"minecraft:oak_sapling":18,"farmersdelight:bacon_and_eggs":16,"minecraft:barrel":2,"farmersdelight:ratatouille":32,"immersive_armors:wooden_helmet":1},"minecraft:killed_by":{"enemyexpansion:tarantula":1,"alexsmobs:leafcutter_ant":1,"minecraft:pillager":2,"ars_nouveau:wilden_hunter":1},"minecraft:picked_up":{"minecolonies:supplycampdeployer":1,"minecraft:crafting_table":2,"minecraft:leather_leggings":1,"aether:iron_gloves":1,"minecraft:red_bed":1,"skilltree:wisdom_scroll":1,"minecraft:netherite_scrap":1,"cisco_mod:adventurer_chestplate":1,"minecraft:gold_nugget":3,"twigs:pebble":57,"minecraft:spruce_planks":8,"delightful:acorn":18,"minecraft:oak_boat":1,"minecraft:lectern":2,"minecraft:sugar_cane":2,"minecraft:birch_sapling":14,"farmersdelight:ratatouille":16,"minecraft:spruce_trapdoor":3,"minecraft:stick":81,"minecolonies:supplychestdeployer":1,"ecologics:coconut_slice":12,"forbidden_arcanus:tentacle":1,"minecraft:torch":16,"minecraft:acacia_log":26,"sophisticatedbackpacks:backpack":1,"minecraft:stone_sword":3,"minecraft:rotten_flesh":4,"minecraft:hay_block":24,"ecologics:coconut_log":1,"minecraft:saddle":1,"endrem:rogue_eye":1,"minecraft:iron_bars":1,"minecraft:cobblestone":194,"minecraft:birch_log":24,"minecraft:leather_chestplate":1,"minecraft:golden_carrot":8,"minecraft:flint":13,"minecraft:oak_log":173,"minecraft:cobblestone_wall":17,"minecraft:wither_skeleton_skull":1,"enemyexpansion:scorpion_tail":2,"minecraft:dirt":25,"undead_unleashed:shaded_bricks":1,"minecraft:leather_boots":1,"minecraft:bone":5,"minecraft:apple":5,"minecraft:wheat_seeds":4,"minecraft:oak_fence_gate":1,"minecraft:stone_pickaxe":1,"minecraft:fletching_table":1,"twigs:twig":47,"apotheosis:gem_dust":1,"minecraft:acacia_sapling":7,"minecraft:gravel":98,"vinery:fermentation_barrel":1,"minecraft:lava_bucket":1,"minecraft:sand":38,"undead_unleashed:grave_metal_scrap":4,"minecraft:ink_sac":1,"delightful:salmonberries":8,"minecraft:white_bed":1,"ars_nouveau:wilden_horn":3,"minecraft:barrel":2,"farmersdelight:bacon_and_eggs":16,"minecraft:leather_helmet":1,"minecraft:dried_kelp_block":4,"minecraft:stone_axe":1,"immersive_armors:wooden_chestplate":1,"minecraft:iron_helmet":1,"minecraft:golden_apple":6,"undead_unleashed:mossy_shaded_bricks":1,"naturescompass:naturescompass":1,"minecraft:oak_sapling":74,"majruszsdifficulty:tattered_chestplate":1},"minecraft:broken":{"minecraft:stone_pickaxe":1,"minecraft:stone_axe":2},"minecraft:mined":{"minecraft:red_carpet":6,"minecraft:spruce_planks":3,"minecraft:white_bed":1,"alexsmobs:leafcutter_anthill":1,"minecraft:cave_vines_plant":1,"minecraft:acacia_log":26,"minecraft:grass_block":3,"ecologics:coconut_log":1,"minecraft:hay_block":24,"minecraft:fletching_table":1,"minecraft:iron_bars":1,"minecraft:stone":177,"minecraft:acacia_leaves":9,"lootr:lootr_barrel":10,"minecraft:red_bed":1,"minecraft:crafting_table":1,"ars_nouveau:stripped_green_archwood_log":2,"undead_unleashed:grave_soil":2,"minecraft:lectern":2,"minecraft:tall_grass":5,"minecraft:cobblestone":2,"minecraft:dried_kelp_block":4,"minecraft:sugar_cane":1,"delightful:wild_salmonberries":8,"minecraft:wall_torch":2,"minecraft:coarse_dirt":1,"minecraft:cobblestone_wall":5,"minecraft:birch_log":24,"minecraft:birch_leaves":1,"minecraft:grass":17,"minecraft:oak_log":173,"minecraft:oak_fence_gate":1,"minecraft:gravel":112,"minecraft:sand":38,"minecraft:dirt":27,"minecraft:oak_leaves":51},"minecraft:custom":{"enigmaticlegacy:play_time_with_seven_curses":0,"lootr:looted_stat":21,"minecraft:mob_kills":29,"minecraft:interact_with_crafting_table":28,"minecraft:open_barrel":14,"minecraft:damage_dealt_resisted":782,"minecraft:leave_game":1,"minecraft:time_since_death":34992,"minecraft:damage_resisted":0,"minecraft:climb_one_cm":6585,"minecraft:sprint_one_cm":485515,"minecraft:walk_one_cm":498073,"minecraft:damage_blocked_by_shield":325,"minecraft:drop":66,"minecraft:damage_dealt_absorbed":80,"minecraft:talked_to_villager":73,"minecraft:play_time":192674,"minecraft:deaths":5,"minecraft:sneak_time":4082,"minecraft:walk_under_water_one_cm":11863,"minecraft:boat_one_cm":326,"minecraft:jump":1804,"minecraft:walk_on_water_one_cm":10595,"minecraft:total_world_time":192674,"minecraft:interact_with_furnace":37,"enigmaticlegacy:play_time_without_seven_curses":192530,"minecraft:traded_with_villager":116,"minecraft:interact_with_stonecutter":2,"minecraft:interact_with_grindstone":3,"minecraft:sleep_in_bed":12,"minecraft:time_since_rest":1039,"minecraft:waystone_activated":2,"minecraft:damage_taken":3091,"minecraft:damage_absorbed":228,"minecraft:damage_dealt":12661,"minecraft:fly_one_cm":351962,"minecraft:swim_one_cm":28278,"minecraft:open_chest":164,"minecraft:crouch_one_cm":7140,"minecraft:interact_with_smoker":1,"minecraft:fall_one_cm":40828}},"DataVersion":3120}