{"stats":{"minecraft:picked_up":{"minecolonies:supplycampdeployer":1,"twilightforest:lich_trophy":1,"undead_unleashed:cursed_cloth":2,"twilightforest:naga_trophy":3,"minecraft:oak_stairs":1,"minecraft:golden_sword":2,"forbidden_arcanus:xpetrified_orb":4,"minecraft:string":22,"woodworks:oak_chest":3,"alexsmobs:emu_feather":5,"minecraft:cobbled_deepslate":254,"minecraft:gold_nugget":11,"bosses_of_mass_destruction:soul_star":1,"minecraft:spruce_planks":8,"undead_unleashed:grave_metal_sword":4,"farmersdelight:ratatouille":16,"woodworks:spruce_bookshelf":8,"minecraft:golden_helmet":2,"explorerscompass:explorerscompass":1,"minecraft:composter":1,"minecraft:acacia_log":69,"twilightforest:cracked_etched_nagastone":2,"easy_villagers:iron_farm":1,"minecraft:deepslate_tile_stairs":1,"minecraft:cauldron":2,"minecraft:stone_sword":3,"minecraft:iron_block":2,"minecraft:bookshelf":25,"supplementaries:ash":4,"endrem:rogue_eye":1,"minecraft:iron_bars":4,"minecraft:birch_log":24,"minecraft:magma_block":1,"woodworks:birch_chest":2,"minecraft:feather":3,"ars_nouveau:source_berry":10,"minecraft:flint":13,"byg:stripped_palm_log":3,"undead_unleashed:shaded_bricks":1,"twilightforest:canopy_sapling":1,"forbidden_arcanus:rune":1,"cisco_mod:amuletof_vitality":1,"minecraft:glowstone_dust":198,"apotheosis:mythic_material":1,"galosphere:raw_silver":1,"minecraft:moss_block":1,"patchouli:guide_book":1,"relics:hunter_belt":3,"minecraft:ink_sac":4,"minecraft:barrel":2,"ars_nouveau:wilden_horn":3,"constructionwand:stone_wand":1,"minecraft:granite":1,"undead_unleashed:mossy_shaded_bricks":1,"minecraft:crafting_table":3,"minecraft:leather_leggings":1,"minecraft:red_bed":1,"minecraft:netherite_scrap":3,"cisco_mod:adventurer_chestplate":1,"minecraft:birch_sapling":14,"globalxp:xp_block":2,"sophisticatedbackpacks:backpack":1,"farmersdelight:tomato_seeds":50,"minecraft:carrot":1,"minecraft:tnt":2,"minecraft:stone_shovel":1,"celestisynth:solar_crystal":10,"ironfurnaces:gold_furnace":1,"minecraft:hay_block":24,"minecraft:cracked_deepslate_bricks":1,"byg:blue_netherrack":78,"twilightforest:magic_map_focus":1,"byg:palm_log":12,"cisco_mod:champion_coin":4,"minecraft:glow_berries":2,"minecraft:mutton":7,"minecraft:rail":8,"minecraft:stripped_oak_log":3,"alexsmobs:acacia_blossom":2,"minecraft:filled_map":1,"easy_villagers:farmer":1,"minecraft:oak_log":207,"minecraft:golden_boots":1,"enemyexpansion:scorpion_tail":2,"minecraft:paper":43,"minecraft:apple":8,"minecraft:stone_bricks":1,"minecraft:oak_fence_gate":1,"minecraft:stone_pickaxe":1,"undead_unleashed:grave_metal_boots":1,"apotheosis:gem_dust":1,"minecraft:flowering_azalea":3,"endrem:witch_pupil":1,"vinery:jungle_grapes_white":2,"minecraft:gravel":106,"vinery:fermentation_barrel":1,"minecraft:spruce_sapling":4,"delightful:salmonberries":8,"minecraft:spruce_log":125,"minecraft:leather_helmet":3,"farmersdelight:bacon_and_eggs":16,"forbidden_arcanus:arcane_crystal":4,"minecraft:stone_axe":1,"minecraft:diamond_axe":1,"minecraft:warped_roots":1,"naturescompass:naturescompass":1,"minecraft:melon_seeds":3,"irons_spellbooks:scroll":2,"aether:iron_gloves":3,"minecraft:potion":1,"bakery:strawberry_seeds":1,"minecraft:raw_copper":25,"oriacs:umbrella":3,"minecraft:netherite_ingot":1,"minecraft:experience_bottle":3,"irons_spellbooks:arcane_essence":2,"delightful:acorn":18,"minecraft:bucket":9,"comforts:sleeping_bag_white":4,"twigs:pebble":57,"minecraft:cobblestone_slab":1,"minecraft:azalea":7,"irons_spellbooks:inscription_table":1,"farmersdelight:cabbage_seeds":56,"minecraft:furnace":1,"minecraft:stick":85,"minecolonies:supplychestdeployer":1,"apotheosis:gem":15,"forbidden_arcanus:tentacle":1,"minecraft:torch":26,"ecologics:coconut_seedling":2,"minecraft:porkchop":7,"enemyexpansion:meathead_helmet":1,"majruszsaccessories:dream_catcher":1,"minecraft:rotten_flesh":125,"ecologics:coconut_log":11,"minecraft:obsidian":1,"twigs:tangerine_seashell":1,"minecraft:cobblestone":356,"minecraft:enchanting_table":3,"minecraft:leather_chestplate":1,"minecraft:potato":149,"supplementaries:flax_seeds":2,"minecraft:wither_skeleton_skull":4,"minecraft:lapis_lazuli":75,"minecraft:dirt":61,"constructionwand:iron_wand":1,"minecraft:leather_boots":2,"minecraft:bone":48,"majruszsaccessories:miner_guide":1,"minecraft:bow":3,"minecraft:wheat_seeds":18,"easy_villagers:trader":1,"minecraft:cobbled_deepslate_slab":13,"minecraft:fletching_table":2,"twigs:twig":56,"ironfurnaces:iron_furnace":1,"minecraft:oak_planks":22,"minecraft:mossy_stone_brick_stairs":2,"minecraft:poisonous_potato":3,"minecraft:sand":38,"minecraft:dark_prismarine":1,"woodworks:acacia_bookshelf":17,"twilightforest:twilight_scepter":1,"minecraft:diamond":50,"waystones:waystone":3,"iter_rpg:abyssquartz_shard":1,"minecraft:golden_apple":15,"minecraft:emerald":7,"minecraft:oak_sapling":82,"minecraft:netherrack":72,"iter_rpg:spawner_fragment":2,"minecraft:charcoal":10,"byg:soapstone":3,"minecraft:ladder":1,"minecraft:brown_mushroom":8,"minecraft:gold_block":6,"twilightforest:nagastone":1,"ecologics:coconut_boat":2,"forbidden_arcanus:thin_cherry_log":9,"minecraft:moss_carpet":23,"skilltree:wisdom_scroll":1,"minecraft:wooden_sword":2,"easy_villagers:auto_trader":2,"minecraft:dark_prismarine_stairs":3,"minecraft:oak_boat":1,"minecraft:lectern":2,"minecraft:sugar_cane":26,"minecraft:spruce_trapdoor":3,"ecologics:coconut_slice":12,"aquaculture:perch":3,"minecraft:trident":1,"minecraft:iron_horse_armor":1,"ars_nouveau:music_disc_firel_the_wild_hunt":1,"minecraft:arrow":32,"majruszsaccessories:lucky_rock":1,"twilightforest:etched_nagastone":1,"minecraft:saddle":1,"forbidden_arcanus:spawner_scrap":5,"minecraft:golden_carrot":11,"minecraft:glow_ink_sac":3,"forbidden_arcanus:zombie_arm":2,"minecraft:gunpowder":48,"minecraft:cobblestone_wall":17,"easy_villagers:converter":1,"minecraft:iron_ingot":11,"minecraft:soul_sand":8,"minecraft:acacia_sapling":7,"minecraft:book":449,"bakery:strawberry":2,"minecraft:emerald_block":5,"atmospheric:golden_dragon_fruit":1,"minecraft:stone_brick_slab":1,"minecraft:quartz":45,"ars_nouveau:novice_spell_book":1,"minecraft:lava_bucket":1,"undead_unleashed:grave_metal_scrap":35,"minecraft:white_bed":1,"byg:palm_planks":21,"minecraft:spider_eye":9,"minecraft:dried_kelp_block":4,"immersive_armors:wooden_chestplate":1,"minecraft:iron_helmet":1,"minecraft:mossy_cobblestone_stairs":1,"undead_unleashed:grave_metal_axe":2,"majruszsdifficulty:tattered_chestplate":1,"minecraft:coal":67},"minecraft:mined":{"minecraft:dark_prismarine_stairs":3,"minecraft:white_bed":1,"alexsmobs:leafcutter_anthill":1,"minecraft:acacia_log":42,"byg:stripped_palm_log":3,"minecraft:deepslate_tile_stairs":1,"minecraft:spawner":4,"woodworks:birch_chest":2,"minecraft:magma_block":1,"minecraft:mossy_cobblestone_stairs":1,"byg:blue_nether_quartz_ore":12,"minecraft:fire":13,"minecraft:cobbled_deepslate":18,"minecraft:deepslate_lapis_ore":5,"minecraft:fletching_table":2,"minecraft:enchanting_table":2,"byg:embur_sprouts":1,"minecraft:sculk_shrieker":3,"minecraft:water_cauldron":1,"minecraft:oak_stairs":1,"minecraft:brown_mushroom":7,"minecraft:red_bed":1,"minecraft:soul_fire":1,"minecraft:torch":3,"galosphere:silver_ore":1,"easy_villagers:farmer":1,"minecraft:sugar_cane":8,"minecraft:wheat":1,"minecraft:grass":41,"minecraft:oak_fence_gate":1,"byg:scorched_bush":1,"minecraft:deepslate":217,"minecraft:dark_prismarine":2,"minecraft:cobbled_deepslate_slab":16,"woodworks:acacia_bookshelf":2,"minecraft:moss_block":6,"forbidden_arcanus:deepslate_arcane_crystal_ore":4,"bosses_of_mass_destruction:void_blossom":8,"minecraft:cobblestone_slab":1,"minecraft:vine":5,"fastpaintings:painting":4,"minecraft:oak_slab":1,"byg:palm_planks":21,"lootr:lootr_barrel":10,"minecraft:soul_sand":6,"minecraft:warped_roots":1,"minecraft:campfire":1,"minecraft:copper_ore":8,"minecraft:tall_grass":19,"twilightforest:nagastone":1,"minecraft:dried_kelp_block":4,"minecraft:cracked_deepslate_bricks":3,"minecraft:coarse_dirt":1,"minecraft:cobblestone_wall":5,"twigs:tangerine_seashell":1,"globalxp:xp_block":1,"minecraft:spruce_log":5,"minecraft:birch_leaves":1,"minecraft:gravel":113,"easy_villagers:auto_trader":1,"minecraft:stone_bricks":1,"minecraft:spruce_planks":3,"minecraft:cave_vines_plant":4,"minecraft:grass_block":14,"ars_nouveau:sourceberry_bush":5,"minecraft:composter":1,"comforts:sleeping_bag_white":1,"minecraft:glowstone":57,"ironfurnaces:gold_furnace":2,"minecraft:iron_bars":1,"minecraft:azalea":1,"ars_nouveau:stripped_green_archwood_log":2,"undead_unleashed:grave_soil":2,"minecraft:nether_quartz_ore":9,"minecraft:cobblestone":5,"minecraft:wall_torch":7,"minecraft:cauldron":1,"minecraft:warped_nylium":1,"byg:palm_log":12,"minecraft:birch_log":24,"minecraft:tnt":2,"celestisynth:solar_crystal":10,"minecraft:smooth_stone_slab":1,"minecraft:oak_log":175,"minecraft:sand":38,"minecraft:dirt":60,"structure_gel:dynamic_spawner":2,"minecraft:netherrack":72,"minecraft:oak_leaves":65,"minecraft:red_carpet":6,"minecraft:ladder":1,"minecraft:dark_oak_pressure_plate":1,"ecologics:coconut_log":9,"minecraft:hay_block":24,"byg:blue_netherrack":112,"easy_villagers:iron_farm":1,"iter_rpg:small_vase":1,"minecraft:gold_block":6,"minecraft:bookshelf":83,"minecraft:stripped_oak_log":3,"minecraft:stone":273,"minecraft:acacia_leaves":10,"minecraft:crafting_table":2,"minecraft:sculk_sensor":3,"minecraft:lectern":2,"woodworks:oak_chest":3,"minecraft:lapis_ore":5,"delightful:wild_salmonberries":8,"minecraft:sculk":1,"supplementaries:urn":2,"forbidden_arcanus:xpetrified_ore":4,"iter_rpg:abyss_quartz":1,"minecraft:coal_ore":7,"forbidden_arcanus:runic_deepslate":1},"minecraft:broken":{"aether:iron_gloves":1,"minecraft:shield":1,"minecraft:stone_pickaxe":1,"minecraft:stone_axe":2},"minecraft:used":{"minecraft:stone":14,"woodworks:acacia_bookshelf":10,"minecraft:lava_bucket":7,"minecraft:birch_sapling":1,"easy_villagers:iron_farm":1,"minecraft:bow":109,"minecraft:composter":5,"minecraft:golden_apple":30,"minecraft:glow_berries":1,"minecraft:lectern":2,"minecraft:wooden_sword":6,"globalxp:xp_block":1,"minecraft:oak_boat":1,"ironfurnaces:gold_furnace":2,"minecraft:enchanting_table":2,"minecraft:stone_sword":200,"minecraft:acacia_log":5,"minecraft:netherrack":63,"minecraft:torch":108,"minecraft:oak_fence_gate":1,"minecraft:flowering_azalea":1,"minecraft:iron_axe":146,"ecologics:coconut_boat":2,"comforts:sleeping_bag_white":3,"minecraft:cobbled_deepslate":46,"minecraft:water_bucket":42,"easy_villagers:farmer":13,"minecraft:cauldron":2,"minecraft:fletching_table":8,"minecraft:crafting_table":3,"minecraft:white_bed":1,"minecraft:campfire":1,"minecraft:cake":4,"minecraft:oak_log":8,"minecraft:diamond_pickaxe":12,"minecraft:iron_pickaxe":641,"forbidden_arcanus:aureal_bottle":1,"minecraft:spruce_sapling":4,"woodworks:acacia_chest":2,"minecraft:cobblestone":173,"byg:palm_planks":81,"structurize:sceptergold":1,"easy_villagers:breeder":1,"minecraft:shield":63,"minecraft:iron_sword":184,"minecraft:player_head":2,"minecraft:milk_bucket":1,"minecraft:stone_bricks":1,"minecraft:magma_block":1,"minecraft:hay_block":1,"woodworks:birch_chest":2,"twilightforest:naga_trophy":2,"minecraft:stone_pickaxe":268,"minecraft:oak_planks":8,"minecraft:diamond_axe":404,"minecraft:sugar_cane":7,"waystones:waystone":1,"easy_villagers:villager":40,"minecraft:gravel":98,"forbidden_arcanus:splash_aureal_bottle":2,"minecraft:grindstone":1,"minecraft:experience_bottle":6,"minecraft:azalea":4,"minecraft:trident":1,"minecraft:flint_and_steel":57,"minecraft:cracked_deepslate_bricks":1,"minecraft:stone_shovel":119,"woodworks:oak_chest":13,"minecraft:spruce_planks":1,"minecraft:dirt":27,"minecraft:cobblestone_wall":82,"easy_villagers:auto_trader":2,"byg:blue_netherrack":76,"minecraft:golden_carrot":70,"minecraft:deepslate_tile_stairs":1,"easy_villagers:incubator":1,"minecraft:cobblestone_slab":1,"minecraft:stone_axe":289,"minecraft:cobbled_deepslate_slab":204,"minecraft:bucket":74,"minecraft:splash_potion":2},"minecraft:dropped":{"twilightforest:nagastone":1,"naturescompass:naturescompass":1,"farmersdelight:iron_knife":1,"ars_nouveau:novice_spell_book":1,"minecraft:porkchop":9,"minecraft:glow_ink_sac":6,"minecraft:glass_bottle":1,"minecraft:diamond":41,"minecraft:crafting_table":2,"minecraft:cooked_porkchop":1,"minecraft:glow_berries":1,"minecraft:warped_roots":1,"vinery:white_grape_seeds":2,"constructionwand:stone_wand":1,"minecraft:mossy_stone_brick_stairs":4,"minecraft:cracked_stone_bricks":2,"undead_unleashed:grave_metal_scrap":3,"minecraft:rail":16,"minecraft:leather_helmet":1,"minecraft:emerald":1,"twigs:pebble":58,"minecraft:dirt":35,"atmospheric:yucca_gateau":7,"easy_villagers:auto_trader":1,"minecraft:wooden_sword":4,"minecraft:gold_nugget":19,"alexsmobs:emu_feather":5,"majruszsdifficulty:tattered_leggings":1,"ars_nouveau:source_gem":15,"minecraft:bone":95,"apotheosis:mythic_material":1,"woodworks:acacia_bookshelf":17,"minecraft:stone_axe":2,"minecraft:iron_nugget":45,"minecraft:cobbled_deepslate":77,"minecraft:wheat":9,"immersive_armors:wooden_boots":2,"minecraft:obsidian":1,"endrem:rogue_eye":1,"minecraft:rotten_flesh":156,"minecraft:oak_planks":13,"irons_spellbooks:inscription_table":2,"minecraft:salmon":1,"supplementaries:flax_seeds":4,"atmospheric:golden_dragon_fruit":1,"forbidden_arcanus:zombie_arm":2,"undead_unleashed:grave_metal_axe":2,"easy_villagers:converter":1,"minecraft:leather_boots":1,"apotheosis:gem":4,"minecraft:acacia_sapling":10,"farmersdelight:bacon_and_eggs":16,"minecraft:leather_leggings":1,"globalxp:xp_block":1,"minecraft:spruce_slab":5,"oriacs:umbrella":3,"minecraft:acacia_fence":1,"minecraft:lectern":49,"minecraft:egg":1,"minecolonies:supplychestdeployer":1,"farmersdelight:tomato_seeds":113,"minecraft:enchanted_book":1,"minecraft:golden_boots":1,"minecraft:iron_ingot":1,"woodworks:spruce_bookshelf":9,"minecraft:wheat_seeds":37,"twilightforest:canopy_sapling":1,"minecraft:golden_horse_armor":1,"minecraft:iron_helmet":1,"forbidden_arcanus:tentacle":2,"minecraft:feather":10,"minecraft:cobblestone":64,"minecraft:book":3,"twilightforest:lich_trophy":1,"minecraft:apple":3,"minecraft:granite":2,"twilightforest:etched_nagastone":2,"undead_unleashed:shaded_bricks":1,"minecraft:coal":11,"minecraft:polished_andesite":3,"twilightforest:naga_trophy":1,"minecraft:diamond_horse_armor":1,"aquaculture:muskellunge":1,"minecraft:ink_sac":7,"minecraft:potion":2,"delightful:acorn":2,"minecraft:mossy_cobblestone_stairs":1,"minecraft:iron_shovel":1,"minecraft:string":17,"minecraft:gray_carpet":1,"minecraft:acacia_planks":1,"minecraft:stone_brick_slab":2,"minecraft:moss_carpet":23,"ecologics:coconut_planks":7,"irons_spellbooks:copper_spell_book":1,"alexsmobs:acacia_blossom":2,"ars_nouveau:source_berry":13,"minecraft:netherite_ingot":1,"minecraft:stone_sword":3,"minecraft:cobblestone_wall":25,"minecraft:cocoa_beans":12,"minecraft:bowl":6,"minecraft:stone_shovel":4,"minecraft:chicken":3,"majruszsaccessories:miner_guide":1,"ironfurnaces:iron_furnace":2,"sophisticatedbackpacks:backpack":1,"undead_unleashed:grave_metal_sword":2,"minecraft:cobbled_deepslate_slab":1,"forbidden_arcanus:lens_of_veritatis":1,"minecraft:potato":159,"minecraft:spruce_trapdoor":3,"minecraft:spruce_planks":4,"minecraft:spider_eye":9,"minecraft:barrel":2,"minecraft:bow":4,"waystones:waystone":1,"minecraft:magma_block":2,"easy_villagers:trader":1,"minecraft:dark_prismarine":1,"minecraft:cooked_rabbit":1,"minecraft:candle":3,"minecraft:moss_block":1,"minecraft:brown_mushroom":5,"minecraft:diamond_axe":1,"ecologics:crab_meat":1,"minecolonies:supplycampdeployer":1,"ecologics:coconut_slice":20,"bakery:strawberry":4,"majruszsdifficulty:tattered_helmet":1,"woodworks:oak_boards":1,"ringsofascension:ring_speed":1,"vinery:fermentation_barrel":1,"minecraft:birch_slab":4,"farmersdelight:rice":2,"immersive_armors:wooden_leggings":2,"minecraft:mutton":14,"farmersdelight:onion":3,"twilightforest:cracked_etched_nagastone":4,"minecraft:glistering_melon_slice":3,"immersive_armors:wooden_chestplate":4,"minecraft:birch_log":3,"twigs:twig":15,"minecraft:gold_ingot":5,"vinery:red_grape_seeds":10,"minecraft:gravel":16,"majruszsdifficulty:tattered_chestplate":1,"aquaculture:perch":6,"iter_rpg:spawner_fragment":1,"minecraft:carrot":12,"undead_unleashed:mossy_shaded_bricks":1,"minecraft:poppy":68,"minecraft:leather_chestplate":1,"supplementaries:ash":5,"minecraft:trident":1,"minecraft:gunpowder":17,"minecraft:melon_seeds":9,"oriacs:landwalking_helmet":1,"minecraft:acacia_slab":4,"minecraft:azalea":3,"minecraft:chainmail_boots":1,"minecraft:spruce_wood":2,"minecraft:iron_bars":6,"minecraft:arrow":19,"farmersdelight:ratatouille":32,"minecraft:enchanting_table":1,"minecraft:water_bucket":1,"minecraft:bread":1,"minecraft:oak_slab":1,"minecraft:bookshelf":25,"minecraft:poisonous_potato":37,"ecologics:coconut_seedling":2,"enemyexpansion:scorpion_tail":4,"ecologics:crab_claw":1,"immersive_armors:robe_chestplate":1,"minecraft:stick":82,"minecraft:iron_block":1,"cisco_mod:amuletof_vitality":1,"bakery:strawberry_seeds":2,"minecraft:leather_horse_armor":1,"byg:soapstone":6,"minecraft:melon_slice":5,"forbidden_arcanus:spawner_scrap":1,"minecraft:iron_leggings":1,"irons_spellbooks:common_ink":1,"minecraft:flowering_azalea":2,"minecraft:iron_axe":1,"vinery:jungle_grapes_red":1,"minecraft:polished_deepslate":4,"minecraft:dark_prismarine_stairs":3,"minecraft:raw_copper":16,"minecraft:raw_iron":1,"farmersdelight:cabbage_seeds":143,"vinery:jungle_grapes_white":4,"twilightforest:twilight_scepter":1,"minecraft:light_gray_wool":1,"minecraft:iron_hoe":1,"undead_unleashed:grave_metal_boots":1,"minecraft:flint_and_steel":1,"minecraft:filled_map":1,"twigs:tangerine_seashell":1,"minecraft:shield":4,"minecraft:oak_button":1,"aether:iron_gloves":2,"oriacs:diving_helmet":1,"twilightforest:magic_map_focus":1,"minecraft:mossy_stone_bricks":1,"minecraft:oak_boat":1,"minecraft:oak_sapling":27,"farmersdelight:minced_beef":5,"minecraft:golden_sword":2,"simplyswords:iron_longsword":1,"forbidden_arcanus:cherry_slab":36,"minecraft:stone_pickaxe":3,"immersive_armors:wooden_helmet":1,"minecraft:brick":4},"minecraft:crafted":{"ironfurnaces:iron_furnace":1,"minecraft:bookshelf":25,"woodworks:spruce_bookshelf":8,"minecraft:glass":73,"minecraft:emerald":349,"minecraft:diamond_axe":3,"minecraft:acacia_slab":18,"oriacs:diving_helmet":1,"minecraft:copper_ingot":10,"minecraft:fletching_table":6,"minecraft:hay_block":1,"minecraft:lectern":49,"minecraft:iron_pickaxe":3,"minecraft:composter":5,"minecraft:golden_carrot":36,"ecologics:coconut_planks":44,"minecraft:spruce_slab":186,"minecraft:stone_pickaxe":2,"ecologics:coconut_boat":1,"minecraft:wheat":99,"easy_villagers:farmer":9,"forbidden_arcanus:cherry_slab":36,"minecraft:enchanted_book":4,"forbidden_arcanus:cherry_planks":18,"oriacs:landwalking_helmet":1,"minecraft:oak_planks":1968,"minecraft:stone":16,"atmospheric:yucca_gateau":7,"minecraft:cake":7,"minecraft:bow":7,"woodworks:acacia_bookshelf":18,"minecraft:oak_slab":36,"minecraft:cauldron":1,"minecraft:crafting_table":2,"minecraft:spruce_planks":248,"minecraft:birch_planks":12,"byg:palm_planks":60,"minecraft:stick":3632,"woodworks:acacia_chest":1,"minecraft:cobbled_deepslate_slab":198,"easy_villagers:auto_trader":1,"minecraft:glass_pane":64,"minecraft:iron_axe":1,"minecraft:spruce_wood":3,"minecraft:cobblestone_wall":66,"minecraft:stone_axe":3,"minecraft:bread":39,"minecraft:air":0,"woodworks:oak_chest":10,"minecraft:oak_boat":1,"minecraft:acacia_planks":240,"minecraft:torch":88},"minecraft:killed_by":{"enemyexpansion:tarantula":1,"minecraft:pillager":2,"alexsmobs:leafcutter_ant":1,"minecraft:vindicator":1,"ars_nouveau:wilden_hunter":1,"minecraft:warden":3,"bygonenether:warped_enderman":5,"minecraft:player":2,"bosses_of_mass_destruction:void_blossom":40,"minecraft:skeleton":4},"minecraft:custom":{"minecraft:interact_with_crafting_table":91,"minecraft:open_barrel":14,"minecraft:eat_cake_slice":29,"minecraft:leave_game":6,"minecraft:time_since_death":4608,"minecraft:damage_blocked_by_shield":3265,"minecraft:play_time":676697,"minecraft:deaths":64,"minecraft:jump":5906,"minecraft:enchant_item":23,"minecraft:interact_with_furnace":75,"minecraft:traded_with_villager":380,"minecraft:sleep_in_bed":20,"minecraft:waystone_activated":3,"minecraft:damage_dealt":220210,"minecraft:interact_with_smoker":11,"minecraft:interact_with_smithing_table":1,"minecraft:interact_with_anvil":11,"minecraft:inspect_hopper":2,"minecraft:damage_dealt_absorbed":160,"minecraft:sneak_time":26282,"minecraft:interact_with_blast_furnace":10,"minecraft:total_world_time":676697,"enigmaticlegacy:play_time_without_seven_curses":674664,"minecraft:interact_with_stonecutter":3,"minecraft:time_since_rest":4161,"minecraft:swim_one_cm":36049,"minecraft:fly_one_cm":1142330,"minecraft:open_chest":703,"minecraft:fall_one_cm":183577,"enigmaticlegacy:play_time_with_seven_curses":0,"lootr:looted_stat":64,"minecraft:damage_resisted":0,"minecraft:sprint_one_cm":1395896,"minecraft:drop":424,"minecraft:talked_to_villager":192,"minecraft:walk_on_water_one_cm":43712,"minecraft:player_kills":3,"minecraft:crouch_one_cm":69637,"minecraft:mob_kills":215,"minecraft:fill_cauldron":1,"minecraft:damage_dealt_resisted":3622,"minecraft:climb_one_cm":21096,"minecraft:walk_one_cm":1761964,"minecraft:walk_under_water_one_cm":20044,"minecraft:boat_one_cm":1178,"minecraft:interact_with_grindstone":16,"minecraft:damage_taken":81929,"minecraft:damage_absorbed":378},"minecraft:killed":{"minecraft:cave_spider":2,"enemyexpansion:equestrian":5,"alexsmobs:murmur":1,"twilightforest:lich_minion":5,"minecraft:skeleton":32,"twilightforest:lich":1,"alexsmobs:leafcutter_ant":2,"minecraft:chicken":1,"ecologics:coconut_crab":1,"enemyexpansion:vampflyer":5,"minecraft:pillager":3,"enemyexpansion:meature":3,"minecraft:zombie":47,"enemyexpansion:botfly":8,"mutantmonsters:mutant_creeper":1,"quark:toretoise":1,"twilightforest:death_tome":5,"goblintraders:goblin_trader":1,"enemyexpansion:scorpion":8,"enemyexpansion:sprinter":1,"majruszsdifficulty:cursed_armor":8,"goblintraders:vein_goblin_trader":1,"minecraft:witch":1,"minecraft:spider":13,"minecraft:pig":2,"alexsmobs:grizzly_bear":1,"minecraft:zombie_villager":1,"irons_spellbooks:necromancer":1,"minecraft:creeper":10,"undead_unleashed:shadewraith":5,"bygonenether:warped_enderman":3,"undead_unleashed:haunter":3,"minecraft:blaze":1,"minecraft:vex":1,"irons_spellbooks:summoned_zombie":4,"enemyexpansion:direwolf":4,"minecraft:phantom":1,"ars_nouveau:summon_wolf":7,"alexsmobs:emu":3,"ars_nouveau:wilden_hunter":4,"minecraft:villager":1,"enemyexpansion:slugger":3}},"DataVersion":3120}