{"stats":{"minecraft:picked_up":{"twilightforest:lich_trophy":1,"minecraft:suspicious_stew":3,"twilightforest:naga_trophy":4,"twilightforest:cracked_underbrick":7,"minecraft:smithing_table":3,"endrem:corrupted_eye":1,"minecraft:lead":6,"minecraft:enchanted_book":16,"relics:magic_mirror":14,"twigs:bloodstone":78,"minecraft:string":56,"apotheosis:epic_material":12,"minecraft:diamond_leggings":1,"alexsmobs:emu_feather":5,"celestisynth:lunar_stone":7,"undead_unleashed:grave_metal_sword":4,"twilightforest:underbrick":23,"relics:blazing_flask":3,"apotheosis:rare_material":15,"minecraft:acacia_log":90,"twilightforest:cracked_etched_nagastone":2,"easy_villagers:iron_farm":2,"minecraft:golden_axe":4,"minecraft:cauldron":2,"minecraft:stone_sword":3,"twilightforest:seeker_bow":1,"minecraft:bookshelf":25,"supplementaries:ash":5,"minecraft:blaze_rod":32,"minecraft:iron_bars":13,"minecraft:feather":24,"minecraft:water_bucket":2,"ars_nouveau:source_berry":10,"ecologics:coconut_planks":1,"minecraft:brown_wool":1,"minecraft:flint":17,"byg:stripped_palm_log":3,"meetyourfight:devils_ante":1,"twilightforest:canopy_sapling":6,"cisco_mod:amuletof_vitality":1,"minecraft:rabbit":9,"apotheosis:mythic_material":2,"galosphere:raw_silver":1,"patchouli:guide_book":2,"relics:hunter_belt":3,"alexsmobs:shark_tooth":2,"minecraft:stripped_acacia_wood":11,"twilightforest:arctic_boots":1,"alexsmobs:animal_dictionary":2,"constructionwand:stone_wand":1,"minecraft:granite":9,"alexsmobs:tarantula_hawk_wing_fragment":1,"sophisticatedbackpacks:advanced_feeding_upgrade":1,"undead_unleashed:mossy_shaded_bricks":1,"minecraft:crimson_roots":7,"minecraft:diamond_pickaxe":3,"minecraft:clay_ball":4,"minecraft:leather_leggings":1,"twilightforest:ironwood_axe":2,"iter_rpg:pearl":1,"minecraft:elytra":1,"twilightforest:steeleaf_sword":1,"cisco_mod:adventurer_chestplate":1,"minecraft:poppy":137,"minecraft:birch_sapling":31,"minecraft:stone":1,"relics:rage_glove":3,"sophisticatedbackpacks:backpack":4,"farmersdelight:tomato_seeds":50,"iter_rpg:very_good_and_cheerful_rapier":1,"minecraft:stone_shovel":6,"minecraft:hay_block":25,"minecraft:cracked_deepslate_bricks":1,"byg:blue_netherrack":85,"minecraft:totem_of_undying":4,"twilightforest:magic_map_focus":1,"cisco_mod:champion_coin":6,"minecraft:mutton":14,"minecraft:rail":8,"twilightforest:ur_ghast_trophy":1,"twilightforest:phantom_chestplate":1,"vinery:straw_hat":1,"minecraft:lily_pad":1,"minecraft:paper":43,"twilightforest:raw_venison":17,"minecraft:apple":15,"byg:scoria_stone":10,"minecraft:oak_fence_gate":1,"minecraft:stone_pickaxe":2,"undead_unleashed:grave_metal_boots":1,"relics:infinity_ham":6,"apotheosis:gem_dust":4,"vinery:jungle_grapes_white":2,"minecraft:cracked_nether_bricks":1,"vinery:fermentation_barrel":1,"minecraft:crying_obsidian":1,"farmersdelight:bacon_and_eggs":16,"minecraft:leather_helmet":3,"meetyourfight:dusk_key":1,"minecraft:slime_ball":89,"cisco_mod:brightsteel_leggings":1,"twilightforest:minotaur_spawn_egg":1,"celestisynth:celestial_crafting_table":2,"mowziesmobs:umvuthana_mask_fear":8,"twilightforest:fiery_leggings":1,"bakery:strawberry_seeds":1,"minecraft:stone_brick_stairs":4,"alexsmobs:gazelle_horn":1,"oriacs:umbrella":3,"minecraft:experience_bottle":5,"twigs:pebble":83,"minecraft:bucket":9,"comforts:sleeping_bag_white":4,"delightful:acorn":26,"twilightforest:gold_minotaur_axe":1,"minecraft:rose_bush":6,"minecraft:cobblestone_slab":1,"minecraft:azalea":7,"irons_spellbooks:inscription_table":1,"twilightforest:mossy_underbrick":7,"meetyourfight:violet_bloom":1,"minecraft:tipped_arrow":69,"minecolonies:supplychestdeployer":1,"forbidden_arcanus:tentacle":1,"aether:red_cape":1,"ecologics:coconut_seedling":2,"minecraft:diorite":24,"enemyexpansion:meathead_helmet":3,"majruszsaccessories:dream_catcher":4,"quark:ancient_tome":1,"minecraft:rotten_flesh":191,"ringsofascension:ring_undying":1,"ecologics:coconut_log":11,"dreadsteel:dreadsteel_scythe":3,"alexsmobs:emu_egg":2,"minecraft:obsidian":5,"minecraft:blaze_powder":1,"minecraft:cobblestone":857,"minecraft:enchanting_table":3,"minecraft:leather_chestplate":5,"bygonenether:warped_nether_brick_stairs":2,"twilightforest:twilight_oak_log":1,"minecraft:warped_fungus_on_a_stick":1,"cisco_mod:darksteel_armor_chestplate":1,"minecraft:andesite":13,"minecraft:golden_leggings":1,"minecraft:potato":149,"cisco_mod:darksteel_armor_leggings":2,"minecraft:dirt":559,"constructionwand:iron_wand":1,"minecraft:bone":114,"minecraft:bow":8,"minecraft:wheat_seeds":25,"easy_villagers:trader":1,"minecraft:mossy_stone_bricks":13,"minecraft:fletching_table":8,"twilightforest:knightmetal_chestplate":1,"minecraft:mossy_cobblestone":2,"majruszsaccessories:owl_feather":1,"waystones:waystone":3,"iter_rpg:abyssquartz_shard":1,"celestisynth:celestial_core_heated":1,"twilightforest:steeleaf_chestplate":1,"minecraft:golden_apple":19,"minecraft:emerald":85,"minecraft:netherrack":169,"minecraft:chorus_fruit":2,"cisco_mod:brightsteel_ingot":2,"minecraft:ladder":1,"minecraft:brown_mushroom":34,"vinery:vinemaker_boots":1,"twilightforest:nagastone":1,"woodworks:spruce_chest":2,"ecologics:coconut_boat":2,"minecraft:shield":1,"minecraft:moss_carpet":23,"meetyourfight:phantoplasm":2,"twilightforest:dark_log":27,"easy_villagers:auto_trader":2,"cisco_mod:arcane_apparatus":3,"meetyourfight:fortunes_favor":1,"twilightforest:stripped_dark_log":1,"sons_of_sins:bloody_bone":4,"aquaculture:perch":3,"minecraft:polished_blackstone_bricks":2,"vinery:vinemaker_leggings":1,"minecraft:trident":1,"sons_of_sins:ether_ashes":4,"twilightforest:raw_meef":96,"minecraft:weeping_vines":4,"ars_elemental:fire_caster_tome":1,"majruszsaccessories:lucky_rock":7,"twilightforest:etched_nagastone":1,"twilightforest:knight_phantom_trophy":4,"forbidden_arcanus:spawner_scrap":6,"apotheosis:sigil_of_socketing":2,"minecraft:golden_carrot":11,"minecraft:leather":27,"minecraft:yellow_bed":1,"minecraft:cobblestone_wall":18,"minecraft:gunpowder":153,"easy_villagers:converter":1,"cisco_mod:darksteel_armor_boots":1,"iter_rpg:potsherd":2,"minecraft:iron_ingot":28,"vinery:vinemaker_apron":1,"bakery:strawberry":2,"minecraft:emerald_block":5,"minecraft:stone_brick_slab":1,"minecraft:quartz":131,"minecraft:lava_bucket":2,"twilightforest:knightmetal_sword":2,"twilightforest:meef_stroganoff":1,"twilightforest:maze_map_focus":1,"immersive_armors:wooden_chestplate":1,"minecraft:mossy_cobblestone_stairs":1,"minecolonies:supplycampdeployer":3,"minecraft:creeper_head":1,"undead_unleashed:cursed_cloth":3,"minecraft:oak_stairs":5,"celestisynth:celestial_netherite_ingot":1,"minecraft:golden_sword":4,"forbidden_arcanus:xpetrified_orb":5,"minecraft:soul_soil":17,"woodworks:oak_chest":3,"minecraft:gold_nugget":555,"minecraft:cobbled_deepslate":272,"bosses_of_mass_destruction:soul_star":2,"minecraft:spruce_planks":10,"minecraft:written_book":3,"minecraft:coal_block":5,"farmersdelight:ratatouille":16,"ecologics:crab_claw":1,"woodworks:spruce_bookshelf":8,"minecraft:golden_helmet":2,"explorerscompass:explorerscompass":1,"minecraft:composter":19,"minecraft:deepslate_tile_stairs":1,"bygonenether:warped_ender_pearl":6,"alexsmobs:centipede_leg":2,"relics:horse_flute":2,"minecraft:iron_block":2,"endrem:rogue_eye":1,"minecraft:birch_log":80,"woodworks:birch_chest":2,"minecraft:magma_block":7,"dummmmmmy:target_dummy":2,"bygonenether:warped_nether_bricks":2,"alexsmobs:mosquito_larva":1,"undead_unleashed:shaded_bricks":1,"minecraft:chipped_anvil":5,"forbidden_arcanus:rune":2,"minecraft:glowstone_dust":498,"minecraft:moss_block":1,"minecraft:warped_wart_block":1,"minecraft:ink_sac":10,"minecraft:dark_oak_log":2,"ars_nouveau:wilden_horn":3,"minecraft:barrel":2,"alexsmobs:kangaroo_hide":2,"apotheosis:improved_scrap_tome":3,"simplyswords:brimstone_claymore":1,"alexsmobs:maggot":6,"minecraft:crafting_table":3,"cisco_mod:divine_core":1,"byg:blue_nether_brick":849,"minecraft:red_bed":3,"minecraft:netherite_scrap":7,"minecraft:cartography_table":1,"majruszsdifficulty:pillager_treasure_bag":1,"minecraft:chest":4,"globalxp:xp_block":2,"twilightforest:armor_shard":155,"cisco_mod:brightsteel_helmet":1,"byg:raw_pendorite":6,"twilightforest:red_thread":2,"minecraft:carrot":1,"minecraft:redstone":9,"twilightforest:firefly":3,"mowziesmobs:umvuthana_mask_faith":1,"minecraft:tnt":2,"minecraft:cooked_cod":2,"celestisynth:solar_crystal":30,"minecraft:peony":6,"ironfurnaces:gold_furnace":1,"minecraft:diamond_boots":1,"twilightforest:kobold_spawn_egg":1,"mowziesmobs:umvuthana_mask_bliss":3,"minecraft:gold_ingot":11,"byg:palm_log":12,"minecraft:glow_berries":2,"alexsmobs:kangaroo_meat":2,"minecraft:stripped_oak_log":3,"alexsmobs:acacia_blossom":4,"minecraft:red_mushroom":19,"minecraft:filled_map":1,"easy_villagers:farmer":1,"minecraft:oak_log":288,"minecraft:ancient_debris":3,"minecraft:golden_boots":1,"enemyexpansion:scorpion_tail":2,"minecraft:white_banner":5,"minecraft:stone_bricks":8,"minecraft:kelp":75,"minecraft:cobweb":2,"minecraft:flowering_azalea":3,"endrem:witch_pupil":1,"minecraft:gravel":155,"minecraft:spruce_sapling":5,"delightful:salmonberries":8,"minecraft:spruce_log":125,"forbidden_arcanus:arcane_crystal":5,"minecraft:stone_axe":1,"twilightforest:raven_feather":4,"minecraft:diamond_axe":4,"savage_and_ravage:cleaver_of_beheading":1,"naturescompass:naturescompass":1,"minecraft:warped_roots":2,"minecraft:melon_seeds":3,"minecraft:ender_pearl":3,"irons_spellbooks:scroll":2,"minecraft:wheat":70,"aether:iron_gloves":3,"minecraft:potion":4,"minecraft:nether_brick":630,"minecraft:raw_copper":32,"celestisynth:rainfall_serenity":1,"minecraft:armor_stand":1,"minecraft:sticky_piston":1,"minecraft:netherite_ingot":1,"minecraft:sea_pickle":1,"irons_spellbooks:arcane_essence":3,"farmersdelight:cabbage_seeds":56,"cisco_mod:brightsteel_chestplate":1,"minecraft:furnace":1,"minecraft:stick":93,"apotheosis:gem":44,"minecraft:oak_fence":4,"minecraft:torch":161,"minecraft:porkchop":14,"simplyswords:sword_on_a_stick":1,"cisco_mod:darksteel_armor_helmet":1,"dreadsteel:dreadsteel_ingot":1,"twigs:tangerine_seashell":1,"minecraft:cod":91,"twilightforest:arctic_chestplate":1,"minecraft:tuff":1,"twilightforest:minoshroom_trophy":1,"supplementaries:flax_seeds":8,"minecraft:wither_skeleton_skull":16,"minecraft:lapis_lazuli":395,"minecraft:leather_boots":2,"majruszsaccessories:miner_guide":1,"sons_of_sins:puppet_of_strife":2,"minecraft:raw_gold":104,"minecraft:cobbled_deepslate_slab":13,"twigs:twig":85,"minecraft:mossy_stone_brick_stairs":2,"minecraft:oak_planks":24,"ironfurnaces:iron_furnace":1,"minecraft:ghast_tear":16,"iter_rpg:seashell":2,"celestisynth:supernal_netherite_ingot":1,"irons_spellbooks:frozen_bone":2,"iter_rpg:spider_silk":1,"minecraft:poisonous_potato":3,"minecraft:sand":64,"sons_of_sins:flesh_of_demise":1,"iter_rpg:earth_fragment":2,"minecraft:dark_prismarine":1,"woodworks:acacia_bookshelf":17,"twilightforest:twilight_scepter":1,"twilightforest:dark_planks":8,"minecraft:diamond":78,"twilightforest:phantom_helmet":1,"relics:researching_table":1,"minecraft:oak_sapling":105,"twilightforest:torchberries":32,"iter_rpg:spawner_fragment":3,"minecraft:charcoal":10,"byg:soapstone":23,"minecraft:gold_block":10,"forbidden_arcanus:thin_cherry_log":9,"minecraft:wooden_sword":2,"skilltree:wisdom_scroll":1,"takesapillage:ravager_horn":2,"minecraft:mossy_cobblestone_wall":2,"minecraft:dark_prismarine_stairs":3,"minecraft:oak_boat":1,"minecraft:lectern":10,"minecraft:sugar_cane":310,"minecraft:spruce_trapdoor":3,"minecraft:phantom_membrane":3,"minecraft:raw_iron":2,"ecologics:coconut_slice":12,"minecraft:copper_ingot":3,"minecraft:bowl":1,"twilightforest:ironwood_shovel":1,"twilightforest:knightmetal_axe":1,"minecraft:iron_horse_armor":1,"ars_nouveau:music_disc_firel_the_wild_hunt":1,"minecraft:arrow":79,"cisco_mod:brightsteel_boots":1,"minecraft:saddle":1,"mowziesmobs:umvuthana_mask_fury":1,"minecraft:glow_ink_sac":3,"forbidden_arcanus:zombie_arm":3,"cisco_mod:slumbering_equillibrium":1,"twilightforest:ironwood_chestplate":2,"alexsmobs:cachalot_whale_tooth":2,"savage_and_ravage:creeper_spores":3,"sons_of_sins:touch_of_greed":1,"relics:midnight_robe":3,"minecraft:stripped_oak_wood":1,"minecraft:soul_sand":20,"minecraft:acacia_sapling":15,"minecraft:book":455,"minecraft:oak_slab":5,"cisco_mod:adjudicator":2,"atmospheric:golden_dragon_fruit":1,"ars_nouveau:novice_spell_book":1,"undead_unleashed:grave_metal_scrap":50,"minecraft:white_bed":1,"minecraft:spider_eye":31,"byg:palm_planks":21,"minecraft:dried_kelp_block":4,"minecraft:iron_helmet":1,"undead_unleashed:grave_metal_axe":4,"majruszsdifficulty:tattered_chestplate":1,"minecraft:coal":215},"minecraft:mined":{"minecraft:white_bed":1,"alexsmobs:leafcutter_anthill":1,"minecraft:granite":7,"minecraft:acacia_log":47,"minecraft:nether_wart":20,"minecraft:spawner":18,"woodworks:birch_chest":2,"minecraft:polished_blackstone_bricks":8,"minecraft:magma_block":8,"minecraft:mossy_cobblestone_stairs":1,"minecraft:fire":220,"minecraft:cobbled_deepslate":18,"minecraft:fletching_table":8,"minecraft:deepslate_lapis_ore":6,"minecraft:nether_brick_stairs":1,"twilightforest:red_thread":2,"minecraft:kelp_plant":7,"minecraft:crimson_nylium":18,"atmospheric:flowering_morado_leaves":2,"minecraft:torch":21,"easy_villagers:farmer":25,"minecraft:sugar_cane":35,"minecraft:chain":4,"byg:soapstone":21,"celestisynth:celestial_crafting_table":1,"minecraft:grass":104,"byg:scorched_bush":1,"minecraft:deepslate":239,"twilightforest:firefly":3,"minecraft:dark_prismarine":3,"minecraft:mossy_cobblestone":1,"minecraft:nether_brick_wall":2,"woodworks:acacia_bookshelf":2,"minecraft:red_mushroom":18,"minecraft:cartography_table":1,"minecraft:redstone_ore":12,"minecraft:andesite":11,"minecraft:vine":8,"minecraft:cobblestone_slab":1,"twilightforest:cracked_underbrick":7,"minecraft:rail":5,"twilightforest:dark_log":15,"ars_nouveau:rune":1,"minecraft:fire_coral_block":1,"fastpaintings:painting":4,"minecraft:oak_slab":1,"byg:palm_planks":21,"lootr:lootr_barrel":10,"minecraft:soul_sand":22,"minecraft:fire_coral":1,"atmospheric:yucca_gateau":2,"iter_rpg:vase":1,"minecraft:warped_roots":1,"minecraft:campfire":1,"minecraft:copper_ore":9,"minecraft:tall_grass":39,"minecraft:deepslate_gold_ore":55,"minecraft:diorite":18,"minecraft:warped_wart_block":1,"minecraft:coarse_dirt":1,"minecraft:cobblestone_wall":12,"minecraft:gravel":157,"minecraft:stone_bricks":6,"minecraft:chipped_anvil":5,"minecraft:gold_ore":5,"minecraft:oak_sapling":1,"minecraft:brewing_stand":2,"minecraft:cracked_polished_blackstone_bricks":16,"minecraft:composter":20,"twilightforest:infested_towerwood":1,"twilightforest:naga_wall_trophy":1,"minecraft:iron_bars":18,"minecraft:azalea":1,"byg:blue_nether_gold_ore":20,"minecraft:deepslate_redstone_ore":2,"ars_nouveau:stripped_green_archwood_log":2,"minecraft:mossy_cobblestone_wall":1,"twilightforest:twilight_oak_log":1,"apotheosis:reforging_table":1,"minecraft:nether_quartz_ore":69,"bygonenether:warped_nether_brick_stairs":1,"minecraft:oak_planks":2,"minecraft:wall_torch":94,"minecraft:cauldron":1,"minecraft:warped_nylium":9,"minecraft:blue_terracotta":1,"byg:palm_log":12,"bygonenether:cobbled_blackstone":6,"minecraft:tnt":3,"celestisynth:solar_crystal":44,"minecraft:smooth_stone_slab":1,"minecraft:oak_log":193,"easy_villagers:converter":1,"minecraft:dirt":437,"structure_gel:dynamic_spawner":2,"minecraft:ancient_debris":34,"ecologics:coconut_planks":1,"minecraft:ladder":1,"minecraft:brown_mushroom_block":8,"minecraft:cracked_nether_bricks":7,"minecraft:hay_block":24,"easy_villagers:iron_farm":5,"iter_rpg:small_vase":2,"minecraft:gold_block":11,"minecraft:nether_brick_fence":2,"minecraft:bookshelf":84,"minecraft:deepslate_iron_ore":1,"minecraft:stripped_oak_log":3,"minecraft:acacia_leaves":11,"minecraft:basalt":6,"minecraft:oak_fence":3,"delightful:wild_salmonberries":8,"twigs:bloodstone":151,"iter_rpg:spider_egg":1,"minecraft:stripped_acacia_wood":11,"minecraft:mossy_stone_bricks":26,"forbidden_arcanus:runic_deepslate":2,"minecraft:dark_prismarine_stairs":3,"twilightforest:knight_phantom_wall_trophy":2,"minecraft:obsidian":4,"byg:stripped_palm_log":3,"minecraft:coal_block":12,"minecraft:deepslate_tile_stairs":1,"minecraft:weeping_vines_plant":3,"byg:blue_nether_quartz_ore":41,"minecraft:enchanting_table":2,"byg:embur_sprouts":1,"minecraft:sculk_shrieker":3,"minecraft:water_cauldron":1,"minecraft:oak_stairs":5,"minecraft:piston_head":1,"minecraft:brown_mushroom":30,"minecraft:red_bed":3,"minecraft:soul_fire":13,"minecraft:amethyst_cluster":15,"woodworks:spruce_chest":2,"galosphere:silver_ore":1,"byg:blue_nether_bricks":14,"minecraft:wheat":1,"celestisynth:lunar_stone":15,"minecraft:stone_brick_stairs":9,"minecraft:oak_fence_gate":1,"twilightforest:underbrick":23,"minecraft:cobbled_deepslate_slab":16,"minecraft:nether_bricks":15,"minecraft:moss_block":7,"minecraft:kelp":2,"twilightforest:mazestone_mosaic":1,"forbidden_arcanus:deepslate_arcane_crystal_ore":5,"bosses_of_mass_destruction:void_blossom":9,"minecraft:smithing_table":3,"atmospheric:morado_leaves":1,"twilightforest:nagastone":1,"minecraft:dried_kelp_block":4,"minecraft:cracked_deepslate_bricks":3,"byg:scoria_stone":473,"twigs:tangerine_seashell":1,"globalxp:xp_block":1,"minecraft:spruce_log":5,"minecraft:birch_leaves":2,"bygonenether:soul_stone":3,"easy_villagers:auto_trader":2,"minecraft:deepslate_emerald_ore":1,"twilightforest:knight_phantom_trophy":1,"minecraft:spruce_planks":12,"minecraft:cave_vines_plant":4,"minecraft:grass_block":58,"minecraft:soul_soil":22,"ars_nouveau:sourceberry_bush":5,"twilightforest:stripped_dark_log":1,"comforts:sleeping_bag_white":1,"minecraft:glowstone":282,"ironfurnaces:gold_furnace":2,"minecraft:iron_ore":6,"bygonenether:warped_nether_bricks":2,"minecraft:blackstone":369,"supplementaries:book_pile":3,"byg:dusted_polished_blackstone_bricks":6,"undead_unleashed:grave_soil":2,"twilightforest:cut_mazestone":11,"minecraft:mushroom_stem":3,"minecraft:cobblestone":62,"minecraft:prismarine":1,"minecraft:acacia_sapling":1,"twilightforest:mossy_underbrick":7,"minecraft:birch_log":40,"minecraft:stripped_oak_wood":1,"minecraft:sand":110,"minecraft:netherrack":7568,"minecraft:oak_leaves":75,"minecraft:nether_gold_ore":180,"minecraft:diamond_ore":5,"minecraft:red_carpet":6,"minecraft:tuff":18,"byg:scoria_cobblestone":5,"minecraft:deepslate_diamond_ore":10,"minecraft:dark_oak_pressure_plate":1,"iter_rpg:magmanum_ore":5,"ecologics:coconut_log":9,"minecraft:sandstone":5,"byg:blue_netherrack":5555,"minecraft:bell":1,"minecraft:stone":1401,"supplementaries:book_pile_horizontal":1,"relics:researching_table":1,"minecraft:crafting_table":2,"minecraft:sculk_sensor":3,"minecraft:lectern":10,"woodworks:oak_chest":3,"minecraft:lapis_ore":13,"minecraft:sculk":1,"byg:pendorite_ore":16,"supplementaries:urn":2,"forbidden_arcanus:xpetrified_ore":5,"iter_rpg:abyss_quartz":1,"minecraft:yellow_bed":1,"minecraft:coal_ore":279,"twilightforest:ur_ghast_wall_trophy":1,"minecraft:warped_slab":1},"minecraft:broken":{"aether:iron_gloves":1,"minecraft:shield":3,"minecraft:stone_pickaxe":1,"minecraft:stone_axe":2,"cisco_mod:adventurer_helmet":1},"minecraft:used":{"minecraft:stone":174,"ecologics:coconut_planks":14,"minecraft:soul_sand":9,"easy_villagers:converter":2,"dreadsteel:dreadsteel_scythe":317,"minecraft:lava_bucket":16,"easy_villagers:iron_farm":10,"minecraft:bow":563,"minecraft:oak_sapling":19,"minecraft:mossy_stone_bricks":5,"minecraft:blackstone":142,"alexsmobs:blobfish_bucket":2,"minecraft:composter":25,"celestisynth:rainfall_serenity":94,"minecraft:golden_apple":30,"minecraft:glow_berries":1,"sons_of_sins:wistiver_spawn_egg":1,"sons_of_sins:kelvin_spawn_egg":1,"globalxp:xp_block":1,"twilightforest:meef_stroganoff":1,"minecraft:smithing_table":13,"minecraft:oak_boat":1,"ironfurnaces:gold_furnace":2,"minecraft:enchanting_table":2,"minecraft:armor_stand":2,"minecraft:torch":683,"minecraft:brewing_stand":2,"minecraft:oak_fence_gate":1,"vinery:vinemaker_leggings":1,"minecraft:chipped_anvil":4,"ecologics:coconut_boat":2,"comforts:sleeping_bag_white":3,"cisco_mod:darksteel_armor_boots":1,"easy_villagers:farmer":25,"minecraft:cauldron":2,"minecraft:red_bed":2,"minecraft:white_bed":1,"minecraft:campfire":1,"minecraft:diamond_pickaxe":16448,"minecraft:diamond_shovel":137,"forbidden_arcanus:aureal_bottle":1,"minecraft:spruce_sapling":4,"minecraft:enchanted_book":2,"minecraft:potion":18,"twilightforest:underbrick":11,"byg:scoria_cobblestone":8,"byg:palm_planks":81,"minecraft:creeper_head":1,"minecraft:written_book":1,"iter_rpg:insatiable_spawn_egg":1,"dummmmmmy:target_dummy":2,"twilightforest:naga_trophy":3,"byg:scoria_stone":226,"minecraft:wither_skeleton_skull":3,"minecraft:stone_pickaxe":268,"minecraft:oak_planks":13,"minecraft:diamond_axe":1026,"minecraft:sugar_cane":13,"minecraft:sticky_piston":1,"waystones:waystone":1,"twilightforest:diamond_minotaur_axe":1,"easy_villagers:villager":177,"minecraft:flint_and_steel":111,"woodworks:oak_chest":19,"meetyourfight:fossil_bait":1,"minecraft:dirt":227,"celestisynth:celestial_crafting_table":2,"twilightforest:dark_door":1,"byg:blue_netherrack":78,"minecraft:soul_soil":8,"minecraft:deepslate_tile_stairs":1,"easy_villagers:incubator":1,"meetyourfight:haunted_bell":1,"celestisynth:lunar_stone":7,"minecraft:budding_amethyst":4,"minecraft:stone_axe":289,"minecraft:cobbled_deepslate_slab":204,"alexsmobs:animal_dictionary":1,"alexsmobs:emu_egg":2,"minecraft:acacia_sapling":6,"woodworks:acacia_bookshelf":10,"twilightforest:kobold_spawn_egg":1,"minecraft:birch_sapling":1,"minecraft:furnace":4,"simplyswords:brimstone_claymore":7,"cisco_mod:adjudicator":225,"relics:horse_flute":4,"minecraft:lectern":28,"minecraft:wooden_sword":6,"sons_of_sins:prowler_spawn_egg":1,"minecraft:iron_bars":5,"minecraft:stone_sword":200,"minecraft:acacia_log":5,"woodworks:spruce_chest":16,"minecraft:netherrack":158,"minecraft:ancient_debris":6,"minecraft:warped_wart_block":1,"minecraft:anvil":3,"byg:blue_nether_bricks":116,"twilightforest:knightmetal_axe":5,"sons_of_sins:curse_spawn_egg":1,"minecraft:flowering_azalea":1,"minecraft:iron_axe":170,"twilightforest:knight_phantom_trophy":4,"minecraft:totem_of_undying":13,"minecraft:glowstone":26,"minecraft:cobbled_deepslate":57,"twilightforest:minotaur_spawn_egg":1,"minecraft:water_bucket":81,"celestisynth:solar_crystal":1,"minecraft:fletching_table":8,"minecraft:crafting_table":6,"minecraft:cake":4,"minecraft:oak_log":8,"minecraft:iron_pickaxe":903,"majruszsdifficulty:pillager_treasure_bag":1,"sons_of_sins:butcher_spawn_egg":1,"woodworks:acacia_chest":2,"minecraft:cobblestone":350,"structurize:sceptergold":1,"quark:ancient_tome":1,"twilightforest:cut_mazestone":8,"easy_villagers:breeder":2,"minecraft:shield":129,"minecraft:iron_sword":184,"minecraft:player_head":2,"minecraft:nether_bricks":53,"minecraft:milk_bucket":2,"simplyswords:sword_on_a_stick":2,"sons_of_sins:walking_bed_spawn_egg":1,"minecraft:stone_bricks":3,"minecraft:magma_block":6,"minecraft:hay_block":1,"woodworks:birch_chest":2,"bygonenether:cobbled_blackstone":13,"relics:researching_table":1,"meetyourfight:devils_ante":2,"twilightforest:towerwood":3,"twilightforest:ur_ghast_trophy":2,"twilightforest:triple_bow":2,"minecraft:gravel":100,"apotheosis:reforging_table":1,"forbidden_arcanus:splash_aureal_bottle":2,"minecraft:grindstone":1,"minecraft:andesite":42,"minecraft:experience_bottle":6,"minecraft:azalea":4,"minecraft:trident":1,"minecraft:cracked_deepslate_bricks":1,"minecraft:stone_shovel":119,"minecraft:spruce_planks":1,"twilightforest:red_thread":2,"minecraft:cobblestone_wall":250,"minecraft:bookshelf":1,"easy_villagers:auto_trader":3,"minecraft:golden_carrot":279,"minecraft:glass_bottle":18,"sons_of_sins:blud_spawn_egg":2,"minecraft:cobblestone_slab":1,"majruszsdifficulty:recall_potion":8,"minecraft:book":1,"twilightforest:firefly":3,"minecraft:cracked_polished_blackstone_bricks":10,"minecraft:cracked_nether_bricks":10,"byg:soapstone":1,"minecraft:bucket":129,"minecraft:splash_potion":2},"minecraft:dropped":{"naturescompass:naturescompass":1,"farmersdelight:iron_knife":1,"minecraft:porkchop":17,"minecraft:lapis_lazuli":23,"minecraft:glow_ink_sac":6,"minecraft:chorus_fruit":6,"minecraft:glass_bottle":1,"minecraft:diamond":101,"minecraft:crafting_table":10,"alexsmobs:kangaroo_meat":2,"minecraft:cooked_porkchop":1,"minecraft:weeping_vines":7,"twilightforest:knight_phantom_trophy":1,"minecraft:glow_berries":1,"minecraft:warped_roots":2,"vinery:white_grape_seeds":2,"meetyourfight:mossy_tooth":1,"minecraft:cracked_stone_bricks":2,"undead_unleashed:grave_metal_scrap":17,"minecraft:emerald":14,"undead_unleashed:cursed_cloth":1,"twilightforest:firefly":7,"atmospheric:yucca_gateau":7,"meetyourfight:phantoplasm":1,"apotheosis:sigil_of_socketing":1,"easy_villagers:auto_trader":1,"minecraft:gold_nugget":561,"twilightforest:phantom_chestplate":2,"minecraft:sand":19,"ars_nouveau:wilden_horn":3,"twilightforest:steeleaf_chestplate":1,"alexsmobs:centipede_leg":1,"apotheosis:mythic_material":33,"minecraft:stone_axe":12,"minecraft:ancient_debris":2,"minecraft:iron_nugget":45,"minecraft:cobbled_deepslate":78,"minecraft:wheat":57,"immersive_armors:wooden_boots":2,"minecraft:obsidian":1,"endrem:rogue_eye":1,"minecraft:rotten_flesh":206,"twilightforest:dark_door":2,"minecraft:oak_planks":35,"minecraft:glowstone_dust":64,"minecraft:nether_brick_fence":2,"irons_spellbooks:inscription_table":2,"twilightforest:knightmetal_axe":2,"bosses_of_mass_destruction:soul_star":1,"forbidden_arcanus:zombie_arm":3,"twilightforest:cracked_underbrick":7,"minecraft:leather_boots":1,"quark:blank_rune":1,"apotheosis:gem":30,"minecraft:acacia_sapling":12,"minecraft:leather_leggings":1,"iter_rpg:spider_silk":1,"globalxp:xp_block":1,"minecraft:glass":66,"toms_storage:ts.paint_kit":1,"twilightforest:maze_map_focus":1,"minecraft:stone_brick_stairs":4,"minecraft:acacia_fence":1,"majruszsaccessories:lucky_rock":8,"minecolonies:supplychestdeployer":1,"minecraft:golden_boots":1,"easy_villagers:farmer":12,"minecraft:wheat_seeds":47,"forbidden_arcanus:obsidian_with_iron":2,"savage_and_ravage:cleaver_of_beheading":1,"cisco_mod:darksteel_armor_helmet":1,"minecraft:book":6,"twilightforest:lich_trophy":1,"twilightforest:ironwood_chestplate":1,"undead_unleashed:shaded_bricks":1,"twilightforest:naga_trophy":2,"bygonenether:cobbled_blackstone":5,"minecraft:cobweb":2,"minecraft:diamond_horse_armor":1,"aquaculture:muskellunge":1,"minecraft:ink_sac":12,"celestisynth:celestial_core_heated":1,"apotheosis:improved_scrap_tome":1,"minecraft:potion":7,"simplyswords:sword_on_a_stick":1,"minecraft:oak_stairs":4,"minecraft:white_banner":5,"minecraft:chainmail_leggings":1,"minecraft:acacia_planks":1,"twilightforest:knightmetal_ingot":8,"iter_rpg:potsherd":7,"minecraft:stone_brick_slab":2,"cataclysm:flame_eye":1,"minecraft:soul_soil":9,"cisco_mod:adventurer_boots":1,"minecraft:cocoa_beans":12,"minecraft:experience_bottle":1,"minecraft:stone_shovel":59,"minecraft:clay_ball":4,"sophisticatedbackpacks:backpack":4,"twilightforest:knightmetal_chestplate":1,"minecraft:cobbled_deepslate_slab":1,"forbidden_arcanus:lens_of_veritatis":2,"minecraft:suspicious_stew":30,"byg:blue_netherrack":11,"takesapillage:ravager_horn":2,"minecraft:spruce_planks":10,"minecraft:peony":6,"minecraft:spruce_trapdoor":3,"twilightforest:underbrick":12,"minecraft:diamond_pickaxe":3,"minecraft:stone_bricks":5,"minecraft:barrel":2,"minecraft:bow":8,"ars_elemental:fire_caster_tome":1,"minecraft:magma_block":2,"minecraft:cooked_rabbit":1,"easy_villagers:trader":1,"forbidden_arcanus:cloth":2,"minecraft:soul_sand":1,"minecraft:candle":3,"minecraft:moss_block":1,"minecraft:oak_log":2,"meetyourfight:haunted_bell":1,"ecologics:crab_meat":1,"minecraft:ender_pearl":4,"ecologics:coconut_slice":20,"mowziesmobs:umvuthana_mask_faith":1,"bakery:strawberry":4,"majruszsdifficulty:tattered_helmet":2,"minecraft:leather":17,"iter_rpg:pearl":1,"woodworks:oak_boards":1,"minecraft:mossy_cobblestone_wall":3,"twilightforest:ironwood_shovel":1,"ringsofascension:ring_speed":1,"twilightforest:ore_magnet":1,"vinery:fermentation_barrel":1,"minecraft:birch_slab":4,"farmersdelight:rice":2,"minecraft:cod":68,"minecraft:dark_oak_log":2,"twilightforest:ur_ghast_trophy":1,"immersive_armors:wooden_leggings":2,"minecraft:mutton":21,"farmersdelight:onion":3,"twilightforest:armor_shard":96,"twilightforest:cracked_etched_nagastone":4,"minecraft:stripped_oak_wood":1,"ars_nouveau:novice_hood":1,"byg:scoria_stone":16,"minecraft:gold_ingot":40,"vinery:red_grape_seeds":10,"dreadsteel:dreadsteel_ingot":1,"cisco_mod:brightsteel_chestplate":1,"aquaculture:perch":6,"enigmaticlegacy:tattered_tome":1,"majruszsaccessories:dream_catcher":1,"byg:raw_pendorite":6,"twilightforest:torchberries":10,"twilightforest:cut_mazestone":3,"alexsmobs:kangaroo_hide":2,"undead_unleashed:mossy_shaded_bricks":1,"minecraft:leather_chestplate":6,"minecraft:trident":1,"oriacs:landwalking_helmet":1,"minecraft:acacia_slab":4,"minecraft:iron_bars":13,"farmersdelight:ratatouille":32,"minecraft:cracked_nether_bricks":9,"minecraft:bread":1,"minecraft:golden_axe":4,"cisco_mod:brightsteel_boots":1,"ecologics:crab_claw":2,"immersive_armors:robe_chestplate":1,"minecraft:acacia_log":4,"minecraft:iron_block":1,"minecraft:milk_bucket":1,"bakery:strawberry_seeds":2,"minecraft:melon_slice":5,"forbidden_arcanus:spawner_scrap":6,"irons_spellbooks:common_ink":1,"vinery:jungle_grapes_red":1,"minecraft:polished_deepslate":4,"minecraft:dark_prismarine_stairs":3,"alexsmobs:tarantula_hawk_wing_fragment":1,"farmersdelight:cabbage_seeds":143,"simplyswords:brimstone_claymore":1,"relics:blazing_flask":1,"minecraft:totem_of_undying":3,"minecraft:flint_and_steel":2,"twigs:tangerine_seashell":1,"relics:magic_mirror":1,"minecraft:oak_button":1,"twilightforest:minoshroom_trophy":1,"sophisticatedbackpacks:advanced_feeding_upgrade":1,"twilightforest:arctic_chestplate":1,"minecraft:andesite":69,"twilightforest:magic_map_focus":1,"minecraft:golden_leggings":1,"minecraft:oak_sapling":31,"farmersdelight:minced_beef":5,"forbidden_arcanus:cherry_slab":36,"minecraft:brick":4,"twilightforest:nagastone":1,"ars_nouveau:novice_spell_book":1,"twilightforest:diamond_minotaur_axe":1,"minecraft:cookie":180,"relics:infinity_ham":1,"constructionwand:stone_wand":1,"minecraft:mossy_stone_brick_stairs":4,"minecraft:fletching_table":6,"minecraft:elytra":1,"minecraft:rail":21,"minecraft:leather_helmet":1,"celestisynth:solar_crystal":13,"twigs:pebble":84,"minecraft:dirt":358,"mowziesmobs:umvuthana_mask_bliss":3,"twilightforest:mossy_underbrick":7,"minecraft:wooden_sword":4,"alexsmobs:emu_feather":5,"minecraft:bone_meal":9,"twilightforest:meef_stroganoff":1,"minecraft:iron_pickaxe":1,"majruszsdifficulty:tattered_leggings":1,"ars_nouveau:source_gem":15,"minecraft:bone":156,"twilightforest:dark_planks":8,"woodworks:acacia_bookshelf":17,"minecraft:sugar_cane":113,"alexsmobs:gazelle_horn":1,"minecraft:nether_brick":2010,"minecraft:birch_sapling":16,"dreadsteel:dreadsteel_scythe":2,"byg:blue_nether_bricks":46,"cisco_mod:darksteel_armor_boots":1,"alexsmobs:cachalot_whale_tooth":2,"minecraft:salmon":1,"supplementaries:flax_seeds":10,"atmospheric:golden_dragon_fruit":1,"undead_unleashed:grave_metal_axe":4,"easy_villagers:converter":1,"iter_rpg:seashell":2,"farmersdelight:bacon_and_eggs":16,"forbidden_arcanus:arcane_crystal":1,"cisco_mod:arcane_apparatus":2,"minecraft:spruce_slab":7,"minecraft:crying_obsidian":1,"bygonenether:warped_nether_bricks":2,"oriacs:umbrella":3,"minecraft:lectern":49,"minecraft:egg":1,"farmersdelight:tomato_seeds":113,"minecraft:enchanted_book":8,"minecraft:iron_ingot":33,"woodworks:spruce_bookshelf":9,"twilightforest:canopy_sapling":5,"minecraft:tnt":2,"minecraft:golden_horse_armor":1,"celestisynth:rainfall_serenity":2,"minecraft:iron_helmet":2,"minecraft:oak_fence":3,"forbidden_arcanus:tentacle":2,"minecraft:feather":23,"minecraft:cobblestone":178,"twilightforest:ironwood_ingot":10,"mowziesmobs:umvuthana_mask_fear":8,"twilightforest:arctic_boots":1,"minecraft:apple":8,"minecraft:granite":10,"twilightforest:etched_nagastone":2,"cisco_mod:adventurer_chestplate":1,"minecraft:coal":32,"cisco_mod:adjudicator":2,"minecraft:polished_andesite":3,"twilightforest:ironwood_axe":2,"minecraft:golden_carrot":1,"twilightforest:gold_minotaur_axe":1,"minecraft:rose_bush":6,"minecraft:rabbit":9,"delightful:acorn":10,"minecraft:mossy_cobblestone_stairs":1,"minecraft:iron_shovel":1,"minecraft:paper":4,"minecraft:string":33,"minecraft:gray_carpet":1,"minecraft:spruce_sapling":1,"cisco_mod:darksteel_armor_chestplate":1,"minecraft:moss_carpet":23,"ecologics:coconut_planks":8,"irons_spellbooks:copper_spell_book":1,"alexsmobs:acacia_blossom":4,"minecraft:netherite_ingot":1,"ars_nouveau:source_berry":13,"minecraft:stone_sword":3,"minecraft:cobblestone_wall":39,"minecraft:smooth_stone_slab":5,"minecraft:bowl":8,"twilightforest:steeleaf_sword":1,"bygonenether:warped_nether_brick_stairs":2,"minecraft:chicken":3,"majruszsaccessories:miner_guide":1,"ironfurnaces:iron_furnace":2,"undead_unleashed:grave_metal_sword":2,"minecraft:nether_bricks":1,"celestisynth:celestial_netherite_ingot":1,"minecraft:potato":180,"minecraft:hay_block":1,"minecraft:stone":457,"minecraft:yellow_bed":1,"minecraft:spider_eye":15,"waystones:waystone":1,"twilightforest:raw_meef":96,"atmospheric:passion_fruit_tart":48,"minecraft:dark_prismarine":2,"minecraft:brown_mushroom":7,"iter_rpg:very_good_and_cheerful_rapier":1,"minecraft:diamond_axe":4,"minecolonies:supplycampdeployer":4,"ringsofascension:ring_undying":1,"cisco_mod:adventurer_leggings":1,"twilightforest:naga_scale":7,"meetyourfight:dusk_key":1,"minecraft:flint":4,"minecraft:netherite_scrap":16,"minecraft:crimson_roots":7,"minecraft:cooked_cod":3,"minecraft:polished_blackstone_bricks":3,"minecraft:glistering_melon_slice":3,"immersive_armors:wooden_chestplate":4,"minecraft:birch_log":3,"bygonenether:warped_ender_pearl":1,"twigs:twig":22,"meetyourfight:devils_ante":1,"minecraft:gravel":63,"majruszsdifficulty:tattered_chestplate":1,"minecraft:blackstone":198,"celestisynth:celestial_crafting_table":2,"minecraft:diamond_shovel":1,"iter_rpg:spawner_fragment":5,"minecraft:carrot":14,"minecraft:chainmail_chestplate":1,"minecraft:poppy":521,"supplementaries:ash":6,"minecraft:gunpowder":103,"minecraft:melon_seeds":9,"twilightforest:fiery_leggings":1,"minecraft:azalea":3,"minecraft:chest":3,"minecraft:chainmail_boots":2,"minecraft:spruce_wood":2,"minecraft:arrow":65,"twilightforest:knightmetal_sword":2,"minecraft:quartz":75,"minecraft:written_book":3,"minecraft:netherrack":13,"minecraft:enchanting_table":1,"mowziesmobs:umvuthana_mask_fury":1,"minecraft:water_bucket":1,"minecraft:oak_slab":14,"minecraft:mossy_cobblestone":2,"celestisynth:supernal_netherite_ingot":1,"minecraft:bookshelf":25,"minecraft:poisonous_potato":230,"ecologics:coconut_seedling":2,"minecraft:lead":1,"enemyexpansion:scorpion_tail":4,"minecraft:nether_brick_wall":2,"minecraft:copper_ingot":3,"minecraft:stick":108,"twigs:bloodstone":92,"cisco_mod:amuletof_vitality":1,"minecraft:diorite":24,"minecraft:leather_horse_armor":1,"minecraft:torch":28,"cisco_mod:brightsteel_leggings":1,"byg:soapstone":26,"cisco_mod:slumbering_equillibrium":1,"minecraft:brown_wool":1,"minecraft:map":2,"minecraft:iron_leggings":1,"minecraft:flowering_azalea":2,"minecraft:iron_axe":3,"minecraft:dandelion":1,"minecraft:redstone":17,"alexsmobs:maggot":4,"cisco_mod:brightsteel_helmet":1,"minecraft:nether_wart":3,"minecraft:blaze_rod":3,"minecraft:raw_copper":23,"byg:blue_nether_brick":1018,"minecraft:tuff":1,"minecraft:raw_iron":21,"minecraft:composter":5,"vinery:jungle_grapes_white":4,"twilightforest:twilight_scepter":1,"minecraft:light_gray_wool":1,"minecraft:iron_hoe":1,"twilightforest:red_thread":15,"minecraft:stripped_acacia_wood":11,"blue_skies:moonstone_shard":2,"undead_unleashed:grave_metal_boots":1,"minecraft:filled_map":1,"twilightforest:phantom_helmet":3,"minecraft:shield":8,"aether:iron_gloves":2,"mowziesmobs:umvuthana_mask_misery":1,"cisco_mod:darksteel_armor_leggings":1,"oriacs:diving_helmet":1,"apotheosis:rare_material":5,"minecraft:mossy_stone_bricks":9,"minecraft:oak_boat":1,"minecraft:golden_sword":4,"simplyswords:iron_longsword":1,"minecraft:slime_ball":5,"minecraft:stone_pickaxe":44,"minecraft:raw_gold":7,"immersive_armors:wooden_helmet":1},"minecraft:crafted":{"minecraft:black_dye":1,"celestisynth:celestial_core":3,"minecraft:blaze_powder":22,"ironfurnaces:iron_furnace":1,"minecraft:diamond_shovel":1,"woodworks:spruce_bookshelf":18,"apotheosis:reforging_table":1,"cisco_mod:darksteel_armor_leggings":1,"cisco_mod:light_core":5,"minecraft:acacia_slab":18,"minecraft:smithing_table":10,"minecraft:fletching_table":6,"minecraft:lectern":69,"cisco_mod:brightsteel_ingot":18,"naturescompass:naturescompass":1,"minecraft:iron_pickaxe":3,"minecraft:netherite_ingot":13,"minecraft:composter":12,"minecraft:golden_carrot":216,"byg:blue_nether_bricks":266,"ecologics:coconut_planks":44,"cisco_mod:bright_essence":24,"easy_villagers:iron_farm":5,"woodworks:spruce_chest":14,"minecraft:stone_pickaxe":42,"relics:rage_glove":1,"minecraft:enchanted_book":38,"forbidden_arcanus:cherry_planks":18,"minecraft:fermented_spider_eye":24,"oriacs:landwalking_helmet":1,"twilightforest:dark_door":3,"minecraft:stone":16,"cisco_mod:darksteel":2,"cisco_mod:ancient_essence":6,"atmospheric:yucca_gateau":7,"minecraft:cake":7,"minecraft:bow":7,"cisco_mod:arcane_brightsteel_block":4,"minecraft:ender_eye":10,"minecraft:cauldron":1,"minecraft:red_wool":15,"byg:palm_planks":60,"minecraft:stick":3888,"minecraft:iron_ingot":18,"woodworks:acacia_chest":1,"minecraft:furnace":4,"easy_villagers:auto_trader":1,"cisco_mod:arcane_apparatus":3,"cisco_mod:brilliant_diamond":4,"minecraft:cobblestone_wall":240,"cisco_mod:brightsteel_helmet":2,"cisco_mod:darksteel_armor_boots":1,"minecraft:anvil":1,"minecraft:torch":660,"minecraft:smooth_stone":3,"minecraft:bookshelf":36,"minecraft:glass":97,"atmospheric:passion_fruit_tart":48,"blue_skies:blue_journal":1,"quark:pathfinders_quill":1,"minecraft:emerald":1292,"cisco_mod:darksteel_armor_helmet":1,"minecraft:diamond_axe":4,"oriacs:diving_helmet":1,"minecraft:copper_ingot":12,"minecraft:hay_block":1,"cisco_mod:unattuned_core":6,"cisco_mod:raw_brightsteel":218,"minecraft:iron_block":6,"minecraft:gold_ingot":614,"meetyourfight:haunted_bell":2,"cisco_mod:brightsteel_leggings":2,"cisco_mod:divine_core":2,"minecraft:stone_shovel":50,"twilightforest:twilight_oak_planks":4,"minecraft:spruce_slab":228,"alexsmobs:blobfish_bucket":1,"apotheosis:simple_reforging_table":1,"celestisynth:supernal_netherite_ingot":2,"celestisynth:celestial_netherite_ingot":3,"ecologics:coconut_boat":1,"minecraft:wheat":99,"easy_villagers:farmer":9,"forbidden_arcanus:cherry_slab":36,"minecraft:oak_planks":2200,"minecraft:suspicious_stew":27,"minecraft:green_dye":1,"twilightforest:dark_planks":100,"woodworks:acacia_bookshelf":18,"meetyourfight:devils_ante":2,"minecraft:oak_slab":102,"minecraft:crafting_table":11,"minecraft:spruce_planks":360,"minecraft:birch_planks":64,"minecraft:book":12,"minecraft:paper":165,"minecraft:diamond_pickaxe":5,"minecraft:charcoal":48,"minecraft:shield":3,"cisco_mod:darksteel_armor_chestplate":1,"minecraft:cobbled_deepslate_slab":198,"minecraft:cookie":180,"cisco_mod:brightsteel_chestplate":2,"minecraft:glass_pane":96,"minecraft:iron_axe":1,"minecraft:spruce_wood":3,"cisco_mod:brightsteel_boots":2,"minecraft:netherite_scrap":1,"twilightforest:uncrafting_table":1,"minecraft:sugar":24,"minecraft:red_dye":6,"minecraft:nether_bricks":56,"minecraft:stone_axe":13,"minecraft:bread":39,"minecraft:air":0,"woodworks:oak_chest":16,"minecraft:oak_boat":1,"meetyourfight:blossoming_mind":1,"minecraft:acacia_planks":308,"minecraft:end_crystal":4,"minecraft:lapis_block":15},"minecraft:killed_by":{"alexsmobs:underminer":1,"sons_of_sins:wistiver":5,"minecraft:warden":3,"minecraft:skeleton":4,"enemyexpansion:tarantula":1,"alexsmobs:leafcutter_ant":1,"minecraft:pillager":2,"twilightforest:minotaur":1,"alexsmobs:cachalot_whale":1,"minecraft:vindicator":1,"ars_nouveau:wilden_hunter":1,"twilightforest:blockchain_goblin":6,"bygonenether:warped_enderman":5,"meetyourfight:swampjaw":1,"minecraft:player":5,"bosses_of_mass_destruction:void_blossom":40,"meetyourfight:rosalyne":9},"minecraft:killed":{"twilightforest:maze_slime":6,"twilightforest:carminite_broodling":11,"twilightforest:lich":1,"alexsmobs:leafcutter_ant":2,"ecologics:coconut_crab":7,"twilightforest:minoshroom":1,"minecraft:pillager":26,"minecraft:zombie":91,"alexsmobs:cachalot_whale":3,"mutantmonsters:mutant_creeper":1,"whisperwoods:moth":1,"twilightforest:lower_goblin_knight":5,"minecraft:evoker":1,"minecraft:vindicator":8,"enemyexpansion:goblin_fear":2,"sons_of_sins:kelvin":1,"sons_of_sins:wistiver":1,"twilightforest:blockchain_goblin":5,"twilightforest:death_tome":5,"goblintraders:goblin_trader":2,"minecraft:husk":12,"meetyourfight:bellringer":1,"twilightforest:helmet_crab":31,"twilightforest:kobold":25,"majruszsdifficulty:cursed_armor":12,"enemyexpansion:sprinter":2,"twilightforest:redcap_sapper":3,"minecraft:ravager":2,"alexsmobs:elephant":4,"goblintraders:vein_goblin_trader":2,"twilightforest:bighorn_sheep":3,"minecraft:zombified_piglin":2,"minecraft:witch":2,"minecraft:spider":16,"iter_rpg:forest_vines":1,"minecraft:piglin_brute":2,"aquaculture:carp":1,"minecraft:piglin":10,"alexsmobs:grizzly_bear":1,"minecraft:zombie_villager":1,"savage_and_ravage:executioner":2,"iter_rpg:spiderling":3,"meetyourfight:dame_fortuna":1,"twilightforest:skeleton_druid":9,"minecraft:trader_llama":10,"undead_unleashed:shadewraith":9,"twilightforest:carminite_ghastguard":8,"bygonenether:warped_enderman":6,"iter_rpg:bloated":1,"twilightforest:knight_phantom":6,"twilightforest:ur_ghast":1,"undead_unleashed:haunter":13,"mowziesmobs:umvuthana_raptor":1,"sons_of_sins:blud":1,"minecraft:vex":1,"enemyexpansion:direwolf":8,"iter_rpg:insatiable":1,"twilightforest:naga":1,"meetyourfight:rose_spirit":10,"minecraft:drowned":6,"ars_nouveau:summon_wolf":7,"takesapillage:skirmisher":4,"minecraft:hoglin":5,"alexsmobs:emu":3,"alexsmobs:gazelle":5,"minecraft:wither_skeleton":19,"minecraft:villager":1,"enemyexpansion:slugger":3,"minecraft:cave_spider":3,"enemyexpansion:equestrian":6,"alexsmobs:murmur":1,"twilightforest:lich_minion":5,"minecraft:skeleton":59,"twilightforest:carminite_ghastling":18,"minecraft:chicken":2,"mowziesmobs:umvuthana_crane":9,"savage_and_ravage:creepie":23,"enemyexpansion:vampflyer":41,"twilightforest:carminite_golem":2,"meetyourfight:swampjaw":1,"meetyourfight:rosalyne":1,"enemyexpansion:meature":7,"enemyexpansion:vampire":9,"enemyexpansion:botfly":24,"sons_of_sins:butcher":1,"takesapillage:archer":7,"minecraft:cow":1,"twilightforest:towerwood_borer":1,"twilightforest:deer":10,"quark:toretoise":3,"twilightforest:dwarf_rabbit":2,"enemyexpansion:scorpion":8,"minecraft:wandering_trader":3,"raided:necromancer":2,"whisperwoods:zotzpyre":1,"raided:savager":2,"savage_and_ravage:griefer":5,"irons_spellbooks:summoned_skeleton":3,"alexsmobs:kangaroo":4,"sons_of_sins:walking_bed":1,"twilightforest:minotaur":28,"twilightforest:slime_beetle":36,"minecraft:pig":4,"twilightforest:raven":2,"irons_spellbooks:necromancer":3,"minecraft:creeper":16,"twilightforest:mist_wolf":1,"twilightforest:upper_goblin_knight":11,"minecraft:stray":2,"alexsmobs:fly":1,"raided:inquisitor":3,"minecraft:blaze":16,"raided:electromancer":4,"irons_spellbooks:summoned_zombie":5,"aquaculture:bluegill":1,"takesapillage:legioner":2,"minecraft:phantom":8,"twilightforest:swarm_spider":4,"sons_of_sins:curse":1,"mowziesmobs:umvuthana":8,"whisperwoods:hidebehind":1,"sons_of_sins:prowler":1,"minecraft:bat":1,"enemyexpansion:troll":1,"mowziesmobs:umvuthana_follower_raptor":4,"enemyexpansion:crawler":1,"sons_of_sins:betrayed_guzzler":1,"ecologics:squirrel":1,"enemyexpansion:huntsman":2,"iter_rpg:earth_elemental":1,"ars_nouveau:wilden_hunter":4},"minecraft:custom":{"minecraft:interact_with_crafting_table":234,"minecraft:damage_blocked_by_shield":11448,"minecraft:play_time":1940643,"minecraft:deaths":91,"minecraft:jump":16711,"minecraft:interact_with_smoker":17,"minecraft:interact_with_anvil":46,"minecraft:inspect_hopper":8,"minecraft:time_since_rest":814,"twilightforest:life_charms_activated":1,"minecraft:swim_one_cm":127920,"minecraft:open_chest":2443,"minecraft:damage_resisted":9089,"minecraft:talked_to_villager":703,"minecraft:interact_with_brewingstand":37,"minecraft:fill_cauldron":1,"minecraft:damage_dealt_resisted":24068,"minecraft:raid_win":1,"minecraft:boat_one_cm":1178,"minecraft:damage_taken":116973,"minecraft:open_barrel":19,"minecraft:eat_cake_slice":33,"minecraft:leave_game":33,"minecraft:time_since_death":789,"minecraft:enchant_item":124,"minecraft:interact_with_furnace":257,"minecraft:traded_with_villager":1492,"minecraft:sleep_in_bed":49,"minecraft:waystone_activated":4,"minecraft:damage_dealt":717234,"minecraft:interact_with_smithing_table":16,"minecraft:damage_dealt_absorbed":320,"minecraft:sneak_time":59746,"minecraft:interact_with_blast_furnace":66,"minecraft:total_world_time":1940643,"enigmaticlegacy:play_time_without_seven_curses":1937811,"twilightforest:trophy_pedestals_activated":1,"minecraft:interact_with_stonecutter":3,"minecraft:fly_one_cm":3097371,"minecraft:fall_one_cm":456198,"enigmaticlegacy:play_time_with_seven_curses":0,"lootr:looted_stat":130,"minecraft:sprint_one_cm":4577455,"minecraft:drop":1348,"minecraft:walk_on_water_one_cm":102030,"minecraft:player_kills":5,"minecraft:crouch_one_cm":138990,"minecraft:mob_kills":911,"minecraft:climb_one_cm":42704,"minecraft:walk_one_cm":5031592,"minecraft:walk_under_water_one_cm":101241,"minecraft:raid_trigger":1,"minecraft:interact_with_grindstone":93,"minecraft:damage_absorbed":1050}},"DataVersion":3120}